{
	"credit": "Made with Blockbench",
	"textures": {
		"0": "modern_guns:item/beretta_486",
		"particle": "modern_guns:item/beretta_486"
	},
	"elements": [
		{
			"from": [7, 5, 9],
			"to": [9, 7, 12],
			"rotation": {"angle": 0, "axis": "y", "origin": [7, 5, 9]},
			"faces": {
				"north": {"uv": [5, 5, 7, 7], "texture": "#0"},
				"east": {"uv": [5, 5, 8, 7], "texture": "#0"},
				"south": {"uv": [6, 7, 8, 9], "texture": "#0"},
				"west": {"uv": [5, 5, 8, 7], "texture": "#0"},
				"up": {"uv": [5, 5, 7, 8], "texture": "#0"},
				"down": {"uv": [5, 5, 7, 8], "texture": "#0"}
			}
		},
		{
			"from": [7.7, 5.5, 11],
			"to": [8.3, 6.25, 13],
			"rotation": {"angle": 22.5, "axis": "x", "origin": [8, 5.25, 12.5]},
			"faces": {
				"north": {"uv": [7, 7, 7.6, 7.75], "texture": "#0"},
				"east": {"uv": [6, 6, 8, 6.75], "texture": "#0"},
				"south": {"uv": [6, 6, 6.6, 6.75], "texture": "#0"},
				"west": {"uv": [5, 6, 7, 6.75], "texture": "#0"},
				"up": {"uv": [6, 6, 6.6, 8], "texture": "#0"},
				"down": {"uv": [5, 6, 5.6, 8], "texture": "#0"}
			}
		},
		{
			"from": [7, 5, 1],
			"to": [9, 6, 8],
			"rotation": {"angle": 0, "axis": "y", "origin": [7, 5, 8]},
			"faces": {
				"north": {"uv": [0, 0, 2, 1], "texture": "#0"},
				"east": {"uv": [0, 0, 7, 1], "texture": "#0"},
				"south": {"uv": [0, 0, 2, 1], "texture": "#0"},
				"west": {"uv": [0, 0, 7, 1], "texture": "#0"},
				"up": {"uv": [0, 0, 2, 7], "texture": "#0"},
				"down": {"uv": [0, 0, 2, 7], "texture": "#0"}
			}
		},
		{
			"from": [7.02, 4.8, 14.3],
			"to": [9.02, 6.8, 16.3],
			"rotation": {"angle": 22.5, "axis": "x", "origin": [8, 5.8, 7.3]},
			"faces": {
				"north": {"uv": [0, 0, 2, 2], "texture": "#0"},
				"east": {"uv": [0, 0, 2, 2], "texture": "#0"},
				"south": {"uv": [0, 0, 2, 2], "texture": "#0"},
				"west": {"uv": [0, 0, 2, 2], "texture": "#0"},
				"up": {"uv": [0, 0, 2, 2], "texture": "#0"},
				"down": {"uv": [0, 0, 2, 2], "texture": "#0"}
			}
		},
		{
			"from": [7, 3.19914, 12.82461],
			"to": [9, 5.19914, 25.82461],
			"rotation": {"angle": 0, "axis": "x", "origin": [8, 4.19914, 17.32461]},
			"faces": {
				"north": {"uv": [0, 0, 2, 2], "texture": "#0"},
				"east": {"uv": [0, 0, 13, 2], "texture": "#0"},
				"south": {"uv": [0, 0, 2, 2], "texture": "#0"},
				"west": {"uv": [0, 0, 13, 2], "texture": "#0"},
				"up": {"uv": [0, 0, 2, 13], "texture": "#0"},
				"down": {"uv": [0, 0, 2, 13], "texture": "#0"}
			}
		},
		{
			"from": [7.01, 1.34914, 15.12461],
			"to": [9.01, 3.34914, 25.82461],
			"rotation": {"angle": 0, "axis": "y", "origin": [8, 2.34914, 24.32461]},
			"faces": {
				"north": {"uv": [0, 0, 2, 2], "texture": "#0"},
				"east": {"uv": [0, 0, 10.7, 2], "texture": "#0"},
				"south": {"uv": [0, 0, 2, 2], "texture": "#0"},
				"west": {"uv": [0, 0, 10.7, 2], "texture": "#0"},
				"up": {"uv": [0, 0, 2, 10.7], "texture": "#0"},
				"down": {"uv": [0, 0, 2, 10.7], "texture": "#0"}
			}
		},
		{
			"from": [7.01, 4, 11],
			"to": [9.01, 6, 15],
			"rotation": {"angle": 45, "axis": "x", "origin": [8, 5, 12]},
			"faces": {
				"north": {"uv": [0, 0, 2, 2], "texture": "#0"},
				"east": {"uv": [0, 0, 4, 2], "texture": "#0"},
				"south": {"uv": [0, 0, 2, 2], "texture": "#0"},
				"west": {"uv": [0, 0, 4, 2], "texture": "#0"},
				"up": {"uv": [0, 0, 2, 4], "texture": "#0"},
				"down": {"uv": [0, 0, 2, 4], "texture": "#0"}
			}
		},
		{
			"from": [7, 5, 8],
			"to": [9, 6, 9],
			"rotation": {"angle": 0, "axis": "y", "origin": [7, 4, 8]},
			"faces": {
				"north": {"uv": [6, 7, 8, 8], "texture": "#0"},
				"east": {"uv": [6, 7, 7, 8], "texture": "#0"},
				"south": {"uv": [5, 7, 7, 8], "texture": "#0"},
				"west": {"uv": [7, 5, 8, 6], "texture": "#0"},
				"up": {"uv": [6, 6, 8, 7], "texture": "#0"},
				"down": {"uv": [5, 6, 7, 7], "texture": "#0"}
			}
		},
		{
			"name": "octagon",
			"from": [8.29112, 5.875, -10.99],
			"to": [8.80888, 6.225, -0.99],
			"rotation": {"angle": 45, "axis": "z", "origin": [8.55, 6.5, -2]},
			"faces": {
				"north": {"uv": [15, 5, 16, 6], "texture": "#0"},
				"east": {"uv": [15, 15, 16, 16], "texture": "#0"},
				"south": {"uv": [15, 15, 16, 16], "texture": "#0"},
				"west": {"uv": [15, 15, 16, 16], "texture": "#0"},
				"up": {"uv": [15, 15, 16, 16], "texture": "#0"},
				"down": {"uv": [15, 4, 16, 14], "texture": "#0"}
			}
		},
		{
			"name": "octagon",
			"from": [8.29112, 5.875, -11],
			"to": [8.80888, 6.225, -1],
			"rotation": {"angle": 0, "axis": "y", "origin": [8.55, 6.5, -2]},
			"faces": {
				"north": {"uv": [8, 15, 9, 16], "texture": "#0"},
				"east": {"uv": [15, 15, 16, 16], "texture": "#0"},
				"south": {"uv": [15, 15, 16, 16], "texture": "#0"},
				"west": {"uv": [15, 15, 16, 16], "texture": "#0"},
				"up": {"uv": [15, 15, 16, 16], "texture": "#0"},
				"down": {"uv": [15, 5, 16, 15], "texture": "#0"}
			}
		},
		{
			"name": "octagon",
			"from": [8.29112, 6.775, -10.99],
			"to": [8.80888, 7.125, -0.99],
			"rotation": {"angle": 45, "axis": "z", "origin": [8.55, 6.5, -2]},
			"faces": {
				"north": {"uv": [6, 15, 7, 16], "texture": "#0"},
				"east": {"uv": [15, 15, 16, 16], "texture": "#0"},
				"south": {"uv": [15, 15, 16, 16], "texture": "#0"},
				"west": {"uv": [15, 15, 16, 16], "texture": "#0"},
				"up": {"uv": [15, 4, 16, 14], "texture": "#0"},
				"down": {"uv": [15, 15, 16, 16], "texture": "#0"}
			}
		},
		{
			"name": "octagon",
			"from": [8.29112, 6.775, -11],
			"to": [8.80888, 7.125, -1],
			"rotation": {"angle": 0, "axis": "y", "origin": [8.55, 6.5, -2]},
			"faces": {
				"north": {"uv": [5, 15, 6, 16], "texture": "#0"},
				"east": {"uv": [15, 15, 16, 16], "texture": "#0"},
				"south": {"uv": [15, 15, 16, 16], "texture": "#0"},
				"west": {"uv": [15, 15, 16, 16], "texture": "#0"},
				"up": {"uv": [15, 5, 16, 15], "texture": "#0"},
				"down": {"uv": [15, 15, 16, 16], "texture": "#0"}
			}
		},
		{
			"name": "octagon",
			"from": [7.925, 6.24112, -10.99],
			"to": [8.275, 6.75888, -0.99],
			"rotation": {"angle": 45, "axis": "z", "origin": [8.55, 6.5, -2]},
			"faces": {
				"north": {"uv": [4, 15, 5, 16], "texture": "#0"},
				"east": {"uv": [15, 15, 16, 16], "texture": "#0"},
				"south": {"uv": [15, 15, 16, 16], "texture": "#0"},
				"west": {"uv": [6, 15, 16, 16], "texture": "#0"},
				"up": {"uv": [15, 15, 16, 16], "texture": "#0"},
				"down": {"uv": [15, 15, 16, 16], "texture": "#0"}
			}
		},
		{
			"name": "octagon",
			"from": [7.925, 6.24112, -11],
			"to": [8.275, 6.75888, -1],
			"rotation": {"angle": 0, "axis": "y", "origin": [8.55, 6.5, -2]},
			"faces": {
				"north": {"uv": [15, 7, 16, 8], "texture": "#0"},
				"east": {"uv": [15, 15, 16, 16], "texture": "#0"},
				"south": {"uv": [15, 15, 16, 16], "texture": "#0"},
				"west": {"uv": [6, 15, 16, 16], "texture": "#0"},
				"up": {"uv": [15, 15, 16, 16], "texture": "#0"},
				"down": {"uv": [15, 15, 16, 16], "texture": "#0"}
			}
		},
		{
			"name": "octagon",
			"from": [8.825, 6.24112, -10.99],
			"to": [9.175, 6.75888, -0.99],
			"rotation": {"angle": 45, "axis": "z", "origin": [8.55, 6.5, -2]},
			"faces": {
				"north": {"uv": [7, 15, 8, 16], "texture": "#0"},
				"east": {"uv": [6, 15, 16, 16], "texture": "#0"},
				"south": {"uv": [15, 15, 16, 16], "texture": "#0"},
				"west": {"uv": [15, 15, 16, 16], "texture": "#0"},
				"up": {"uv": [15, 15, 16, 16], "texture": "#0"},
				"down": {"uv": [15, 15, 16, 16], "texture": "#0"}
			}
		},
		{
			"name": "octagon",
			"from": [8.825, 6.24112, -11],
			"to": [9.175, 6.75888, -1],
			"rotation": {"angle": 0, "axis": "y", "origin": [8.55, 6.5, -2]},
			"faces": {
				"north": {"uv": [15, 4, 16, 5], "texture": "#0"},
				"east": {"uv": [4, 15, 14, 16], "texture": "#0"},
				"south": {"uv": [15, 15, 16, 16], "texture": "#0"},
				"west": {"uv": [15, 15, 16, 16], "texture": "#0"},
				"up": {"uv": [15, 15, 16, 16], "texture": "#0"},
				"down": {"uv": [15, 15, 16, 16], "texture": "#0"}
			}
		},
		{
			"name": "octagon",
			"from": [7.19112, 5.875, -10.99],
			"to": [7.70888, 6.225, -0.99],
			"rotation": {"angle": 45, "axis": "z", "origin": [7.45, 6.5, -2]},
			"faces": {
				"north": {"uv": [7, 15, 8, 16], "texture": "#0"},
				"east": {"uv": [15, 15, 16, 16], "texture": "#0"},
				"south": {"uv": [15, 15, 16, 16], "texture": "#0"},
				"west": {"uv": [15, 15, 16, 16], "texture": "#0"},
				"up": {"uv": [15, 15, 16, 16], "texture": "#0"},
				"down": {"uv": [15, 5, 16, 15], "texture": "#0"}
			}
		},
		{
			"name": "octagon",
			"from": [7.19112, 5.875, -11],
			"to": [7.70888, 6.225, -1],
			"rotation": {"angle": 0, "axis": "y", "origin": [7.45, 6.5, -2]},
			"faces": {
				"north": {"uv": [15, 5, 16, 6], "texture": "#0"},
				"east": {"uv": [15, 15, 16, 16], "texture": "#0"},
				"south": {"uv": [15, 15, 16, 16], "texture": "#0"},
				"west": {"uv": [15, 15, 16, 16], "texture": "#0"},
				"up": {"uv": [15, 15, 16, 16], "texture": "#0"},
				"down": {"uv": [15, 4, 16, 14], "texture": "#0"}
			}
		},
		{
			"name": "octagon",
			"from": [7.19112, 6.775, -10.99],
			"to": [7.70888, 7.125, -0.99],
			"rotation": {"angle": 45, "axis": "z", "origin": [7.45, 6.5, -2]},
			"faces": {
				"north": {"uv": [15, 4, 16, 5], "texture": "#0"},
				"east": {"uv": [15, 15, 16, 16], "texture": "#0"},
				"south": {"uv": [15, 15, 16, 16], "texture": "#0"},
				"west": {"uv": [15, 15, 16, 16], "texture": "#0"},
				"up": {"uv": [15, 5, 16, 15], "texture": "#0"},
				"down": {"uv": [15, 15, 16, 16], "texture": "#0"}
			}
		},
		{
			"name": "octagon",
			"from": [7.19112, 6.775, -11],
			"to": [7.70888, 7.125, -1],
			"rotation": {"angle": 0, "axis": "y", "origin": [7.45, 6.5, -2]},
			"faces": {
				"north": {"uv": [15, 6, 16, 7], "texture": "#0"},
				"east": {"uv": [15, 15, 16, 16], "texture": "#0"},
				"south": {"uv": [15, 15, 16, 16], "texture": "#0"},
				"west": {"uv": [15, 15, 16, 16], "texture": "#0"},
				"up": {"uv": [15, 6, 16, 16], "texture": "#0"},
				"down": {"uv": [15, 15, 16, 16], "texture": "#0"}
			}
		},
		{
			"name": "octagon",
			"from": [6.825, 6.24112, -10.99],
			"to": [7.175, 6.75888, -0.99],
			"rotation": {"angle": 45, "axis": "z", "origin": [7.45, 6.5, -2]},
			"faces": {
				"north": {"uv": [4, 15, 5, 16], "texture": "#0"},
				"east": {"uv": [15, 15, 16, 16], "texture": "#0"},
				"south": {"uv": [15, 15, 16, 16], "texture": "#0"},
				"west": {"uv": [6, 15, 16, 16], "texture": "#0"},
				"up": {"uv": [15, 15, 16, 16], "texture": "#0"},
				"down": {"uv": [15, 15, 16, 16], "texture": "#0"}
			}
		},
		{
			"name": "octagon",
			"from": [6.825, 6.24112, -11],
			"to": [7.175, 6.75888, -1],
			"rotation": {"angle": 0, "axis": "y", "origin": [7.45, 6.5, -2]},
			"faces": {
				"north": {"uv": [5, 15, 6, 16], "texture": "#0"},
				"east": {"uv": [15, 15, 16, 16], "texture": "#0"},
				"south": {"uv": [15, 15, 16, 16], "texture": "#0"},
				"west": {"uv": [5, 15, 15, 16], "texture": "#0"},
				"up": {"uv": [15, 15, 16, 16], "texture": "#0"},
				"down": {"uv": [15, 15, 16, 16], "texture": "#0"}
			}
		},
		{
			"name": "octagon",
			"from": [7.725, 6.24112, -10.99],
			"to": [8.075, 6.75888, -0.99],
			"rotation": {"angle": 45, "axis": "z", "origin": [7.45, 6.5, -2]},
			"faces": {
				"north": {"uv": [4, 15, 5, 16], "texture": "#0"},
				"east": {"uv": [6, 15, 16, 16], "texture": "#0"},
				"south": {"uv": [15, 15, 16, 16], "texture": "#0"},
				"west": {"uv": [15, 15, 16, 16], "texture": "#0"},
				"up": {"uv": [15, 15, 16, 16], "texture": "#0"},
				"down": {"uv": [15, 15, 16, 16], "texture": "#0"}
			}
		},
		{
			"name": "octagon",
			"from": [7.725, 6.24112, -11.01],
			"to": [8.075, 6.75888, -1.01],
			"rotation": {"angle": 0, "axis": "y", "origin": [7.45, 6.5, -2]},
			"faces": {
				"north": {"uv": [15, 6, 16, 7], "texture": "#0"},
				"east": {"uv": [6, 15, 16, 16], "texture": "#0"},
				"south": {"uv": [15, 15, 16, 16], "texture": "#0"},
				"west": {"uv": [15, 15, 16, 16], "texture": "#0"},
				"up": {"uv": [15, 15, 16, 16], "texture": "#0"},
				"down": {"uv": [15, 15, 16, 16], "texture": "#0"}
			}
		},
		{
			"name": "octagon",
			"from": [8.29112, 5.875, -1],
			"to": [8.80888, 6.225, 9],
			"rotation": {"angle": 45, "axis": "z", "origin": [8.55, 6.5, 8]},
			"faces": {
				"north": {"uv": [15, 15, 16, 16], "texture": "#0"},
				"east": {"uv": [15, 15, 16, 16], "texture": "#0"},
				"south": {"uv": [15, 15, 16, 16], "texture": "#0"},
				"west": {"uv": [15, 15, 16, 16], "texture": "#0"},
				"up": {"uv": [15, 15, 16, 16], "texture": "#0"},
				"down": {"uv": [15, 6, 16, 16], "texture": "#0"}
			}
		},
		{
			"name": "octagon",
			"from": [8.29112, 5.875, -1],
			"to": [8.80888, 6.225, 9],
			"rotation": {"angle": 0, "axis": "y", "origin": [8.55, 6.5, 8]},
			"faces": {
				"north": {"uv": [15, 15, 16, 16], "texture": "#0"},
				"east": {"uv": [15, 15, 16, 16], "texture": "#0"},
				"south": {"uv": [15, 15, 16, 16], "texture": "#0"},
				"west": {"uv": [15, 15, 16, 16], "texture": "#0"},
				"up": {"uv": [15, 15, 16, 16], "texture": "#0"},
				"down": {"uv": [15, 6, 16, 16], "texture": "#0"}
			}
		},
		{
			"name": "octagon",
			"from": [8.29112, 6.775, -1],
			"to": [8.80888, 7.125, 9],
			"rotation": {"angle": 45, "axis": "z", "origin": [8.55, 6.5, 8]},
			"faces": {
				"north": {"uv": [15, 15, 16, 16], "texture": "#0"},
				"east": {"uv": [15, 15, 16, 16], "texture": "#0"},
				"south": {"uv": [15, 15, 16, 16], "texture": "#0"},
				"west": {"uv": [15, 15, 16, 16], "texture": "#0"},
				"up": {"uv": [15, 6, 16, 16], "texture": "#0"},
				"down": {"uv": [15, 15, 16, 16], "texture": "#0"}
			}
		},
		{
			"name": "octagon",
			"from": [8.29112, 6.775, -1],
			"to": [8.80888, 7.125, 9],
			"rotation": {"angle": 0, "axis": "y", "origin": [8.55, 6.5, 8]},
			"faces": {
				"north": {"uv": [15, 15, 16, 16], "texture": "#0"},
				"east": {"uv": [15, 15, 16, 16], "texture": "#0"},
				"south": {"uv": [15, 15, 16, 16], "texture": "#0"},
				"west": {"uv": [15, 15, 16, 16], "texture": "#0"},
				"up": {"uv": [15, 4, 16, 14], "texture": "#0"},
				"down": {"uv": [15, 15, 16, 16], "texture": "#0"}
			}
		},
		{
			"name": "octagon",
			"from": [7.925, 6.24112, -1],
			"to": [8.275, 6.75888, 9],
			"rotation": {"angle": 45, "axis": "z", "origin": [8.55, 6.5, 8]},
			"faces": {
				"north": {"uv": [15, 15, 16, 16], "texture": "#0"},
				"east": {"uv": [15, 15, 16, 16], "texture": "#0"},
				"south": {"uv": [15, 15, 16, 16], "texture": "#0"},
				"west": {"uv": [6, 15, 16, 16], "texture": "#0"},
				"up": {"uv": [15, 15, 16, 16], "texture": "#0"},
				"down": {"uv": [15, 15, 16, 16], "texture": "#0"}
			}
		},
		{
			"name": "octagon",
			"from": [7.925, 6.24112, -1],
			"to": [8.275, 6.75888, 9],
			"rotation": {"angle": 0, "axis": "y", "origin": [8.55, 6.5, 8]},
			"faces": {
				"north": {"uv": [15, 15, 16, 16], "texture": "#0"},
				"east": {"uv": [15, 15, 16, 16], "texture": "#0"},
				"south": {"uv": [15, 15, 16, 16], "texture": "#0"},
				"west": {"uv": [6, 15, 16, 16], "texture": "#0"},
				"up": {"uv": [15, 15, 16, 16], "texture": "#0"},
				"down": {"uv": [15, 15, 16, 16], "texture": "#0"}
			}
		},
		{
			"name": "octagon",
			"from": [8.825, 6.24112, -1],
			"to": [9.175, 6.75888, 9],
			"rotation": {"angle": 45, "axis": "z", "origin": [8.55, 6.5, 8]},
			"faces": {
				"north": {"uv": [15, 15, 16, 16], "texture": "#0"},
				"east": {"uv": [5, 15, 15, 16], "texture": "#0"},
				"south": {"uv": [15, 15, 16, 16], "texture": "#0"},
				"west": {"uv": [15, 15, 16, 16], "texture": "#0"},
				"up": {"uv": [15, 15, 16, 16], "texture": "#0"},
				"down": {"uv": [15, 15, 16, 16], "texture": "#0"}
			}
		},
		{
			"name": "octagon",
			"from": [8.825, 6.24112, -1],
			"to": [9.175, 6.75888, 9],
			"rotation": {"angle": 0, "axis": "y", "origin": [8.55, 6.5, 8]},
			"faces": {
				"north": {"uv": [15, 15, 16, 16], "texture": "#0"},
				"east": {"uv": [6, 15, 16, 16], "texture": "#0"},
				"south": {"uv": [15, 15, 16, 16], "texture": "#0"},
				"west": {"uv": [15, 15, 16, 16], "texture": "#0"},
				"up": {"uv": [15, 15, 16, 16], "texture": "#0"},
				"down": {"uv": [15, 15, 16, 16], "texture": "#0"}
			}
		},
		{
			"name": "octagon",
			"from": [7.19112, 5.875, -1],
			"to": [7.70888, 6.225, 9],
			"rotation": {"angle": 45, "axis": "z", "origin": [7.45, 6.5, 8]},
			"faces": {
				"north": {"uv": [15, 15, 16, 16], "texture": "#0"},
				"east": {"uv": [15, 15, 16, 16], "texture": "#0"},
				"south": {"uv": [15, 15, 16, 16], "texture": "#0"},
				"west": {"uv": [15, 15, 16, 16], "texture": "#0"},
				"up": {"uv": [15, 15, 16, 16], "texture": "#0"},
				"down": {"uv": [15, 6, 16, 16], "texture": "#0"}
			}
		},
		{
			"name": "octagon",
			"from": [7.19112, 5.875, -1],
			"to": [7.70888, 6.225, 9],
			"rotation": {"angle": 0, "axis": "y", "origin": [7.45, 6.5, 8]},
			"faces": {
				"north": {"uv": [15, 15, 16, 16], "texture": "#0"},
				"east": {"uv": [15, 15, 16, 16], "texture": "#0"},
				"south": {"uv": [15, 15, 16, 16], "texture": "#0"},
				"west": {"uv": [15, 15, 16, 16], "texture": "#0"},
				"up": {"uv": [15, 15, 16, 16], "texture": "#0"},
				"down": {"uv": [15, 6, 16, 16], "texture": "#0"}
			}
		},
		{
			"name": "octagon",
			"from": [7.19112, 6.775, -1],
			"to": [7.70888, 7.125, 9],
			"rotation": {"angle": 45, "axis": "z", "origin": [7.45, 6.5, 8]},
			"faces": {
				"north": {"uv": [15, 15, 16, 16], "texture": "#0"},
				"east": {"uv": [15, 15, 16, 16], "texture": "#0"},
				"south": {"uv": [15, 15, 16, 16], "texture": "#0"},
				"west": {"uv": [15, 15, 16, 16], "texture": "#0"},
				"up": {"uv": [15, 4, 16, 14], "texture": "#0"},
				"down": {"uv": [15, 15, 16, 16], "texture": "#0"}
			}
		},
		{
			"name": "octagon",
			"from": [7.19112, 6.775, -1],
			"to": [7.70888, 7.125, 9],
			"rotation": {"angle": 0, "axis": "y", "origin": [7.45, 6.5, 8]},
			"faces": {
				"north": {"uv": [15, 15, 16, 16], "texture": "#0"},
				"east": {"uv": [15, 15, 16, 16], "texture": "#0"},
				"south": {"uv": [15, 15, 16, 16], "texture": "#0"},
				"west": {"uv": [15, 15, 16, 16], "texture": "#0"},
				"up": {"uv": [15, 6, 16, 16], "texture": "#0"},
				"down": {"uv": [15, 15, 16, 16], "texture": "#0"}
			}
		},
		{
			"name": "octagon",
			"from": [6.825, 6.24112, -1],
			"to": [7.175, 6.75888, 9],
			"rotation": {"angle": 45, "axis": "z", "origin": [7.45, 6.5, 8]},
			"faces": {
				"north": {"uv": [15, 15, 16, 16], "texture": "#0"},
				"east": {"uv": [15, 15, 16, 16], "texture": "#0"},
				"south": {"uv": [15, 15, 16, 16], "texture": "#0"},
				"west": {"uv": [4, 15, 14, 16], "texture": "#0"},
				"up": {"uv": [15, 15, 16, 16], "texture": "#0"},
				"down": {"uv": [15, 15, 16, 16], "texture": "#0"}
			}
		},
		{
			"name": "octagon",
			"from": [6.825, 6.24112, -1],
			"to": [7.175, 6.75888, 9],
			"rotation": {"angle": 0, "axis": "y", "origin": [7.45, 6.5, 8]},
			"faces": {
				"north": {"uv": [15, 15, 16, 16], "texture": "#0"},
				"east": {"uv": [15, 15, 16, 16], "texture": "#0"},
				"south": {"uv": [15, 15, 16, 16], "texture": "#0"},
				"west": {"uv": [6, 15, 16, 16], "texture": "#0"},
				"up": {"uv": [15, 15, 16, 16], "texture": "#0"},
				"down": {"uv": [15, 15, 16, 16], "texture": "#0"}
			}
		},
		{
			"name": "octagon",
			"from": [7.725, 6.24112, -1],
			"to": [8.075, 6.75888, 9],
			"rotation": {"angle": 45, "axis": "z", "origin": [7.45, 6.5, 8]},
			"faces": {
				"north": {"uv": [15, 15, 16, 16], "texture": "#0"},
				"east": {"uv": [5, 15, 15, 16], "texture": "#0"},
				"south": {"uv": [15, 15, 16, 16], "texture": "#0"},
				"west": {"uv": [15, 15, 16, 16], "texture": "#0"},
				"up": {"uv": [15, 15, 16, 16], "texture": "#0"},
				"down": {"uv": [15, 15, 16, 16], "texture": "#0"}
			}
		},
		{
			"name": "octagon",
			"from": [7.725, 6.24112, -1],
			"to": [8.075, 6.75888, 9],
			"rotation": {"angle": 0, "axis": "y", "origin": [7.45, 6.5, 8]},
			"faces": {
				"north": {"uv": [15, 15, 16, 16], "texture": "#0"},
				"east": {"uv": [6, 15, 16, 16], "texture": "#0"},
				"south": {"uv": [15, 15, 16, 16], "texture": "#0"},
				"west": {"uv": [15, 15, 16, 16], "texture": "#0"},
				"up": {"uv": [15, 15, 16, 16], "texture": "#0"},
				"down": {"uv": [15, 15, 16, 16], "texture": "#0"}
			}
		},
		{
			"name": "octagon",
			"from": [7.34467, 6.125, -10.5],
			"to": [7.65533, 6.875, -10.5],
			"rotation": {"angle": 45, "axis": "z", "origin": [7.5, 6.5, -9.5]},
			"faces": {
				"north": {"uv": [12, 5, 13, 6], "texture": "#0"},
				"east": {"uv": [0, 0, 1, 1], "texture": "#0"},
				"south": {"uv": [0, 0, 1, 1], "texture": "#0"},
				"west": {"uv": [0, 0, 1, 1], "texture": "#0"},
				"up": {"uv": [0, 0, 1, 1], "texture": "#0"},
				"down": {"uv": [0, 0, 1, 1], "texture": "#0"}
			}
		},
		{
			"name": "octagon",
			"from": [7.34467, 6.125, -10.5],
			"to": [7.65533, 6.875, -10.5],
			"rotation": {"angle": 0, "axis": "z", "origin": [7.5, 6.5, -9.5]},
			"faces": {
				"north": {"uv": [12, 5, 13, 6], "texture": "#0"},
				"east": {"uv": [0, 0, 1, 1], "texture": "#0"},
				"south": {"uv": [0, 0, 1, 1], "texture": "#0"},
				"west": {"uv": [0, 0, 1, 1], "texture": "#0"},
				"up": {"uv": [0, 0, 1, 1], "texture": "#0"},
				"down": {"uv": [0, 0, 1, 1], "texture": "#0"}
			}
		},
		{
			"name": "octagon",
			"from": [7.125, 6.34467, -10.5],
			"to": [7.875, 6.65533, -10.5],
			"rotation": {"angle": 45, "axis": "z", "origin": [7.5, 6.5, -9.5]},
			"faces": {
				"north": {"uv": [12, 5, 13, 6], "texture": "#0"},
				"east": {"uv": [0, 0, 1, 1], "texture": "#0"},
				"south": {"uv": [0, 0, 1, 1], "texture": "#0"},
				"west": {"uv": [0, 0, 1, 1], "texture": "#0"},
				"up": {"uv": [0, 0, 1, 1], "texture": "#0"},
				"down": {"uv": [0, 0, 1, 1], "texture": "#0"}
			}
		},
		{
			"name": "octagon",
			"from": [7.125, 6.34467, -10.5],
			"to": [7.875, 6.65533, -10.5],
			"rotation": {"angle": 0, "axis": "z", "origin": [7.5, 6.5, -9.5]},
			"faces": {
				"north": {"uv": [12, 5, 13, 6], "texture": "#0"},
				"east": {"uv": [12, 5, 13, 6], "texture": "#0"},
				"south": {"uv": [12, 5, 13, 6], "texture": "#0"},
				"west": {"uv": [12, 5, 13, 6], "texture": "#0"},
				"up": {"uv": [12, 5, 13, 6], "texture": "#0"},
				"down": {"uv": [12, 5, 13, 6], "texture": "#0"}
			}
		},
		{
			"name": "octagon",
			"from": [8.34467, 6.125, -10.5],
			"to": [8.65533, 6.875, -10.5],
			"rotation": {"angle": 45, "axis": "z", "origin": [8.5, 6.5, -9.5]},
			"faces": {
				"north": {"uv": [12, 5, 13, 6], "texture": "#0"},
				"east": {"uv": [0, 0, 1, 1], "texture": "#0"},
				"south": {"uv": [0, 0, 1, 1], "texture": "#0"},
				"west": {"uv": [0, 0, 1, 1], "texture": "#0"},
				"up": {"uv": [0, 0, 1, 1], "texture": "#0"},
				"down": {"uv": [0, 0, 1, 1], "texture": "#0"}
			}
		},
		{
			"name": "octagon",
			"from": [8.34467, 6.125, -10.5],
			"to": [8.65533, 6.875, -10.5],
			"rotation": {"angle": 0, "axis": "y", "origin": [8.5, 6.5, -9.5]},
			"faces": {
				"north": {"uv": [12, 5, 13, 6], "texture": "#0"},
				"east": {"uv": [0, 0, 1, 1], "texture": "#0"},
				"south": {"uv": [0, 0, 1, 1], "texture": "#0"},
				"west": {"uv": [0, 0, 1, 1], "texture": "#0"},
				"up": {"uv": [0, 0, 1, 1], "texture": "#0"},
				"down": {"uv": [0, 0, 1, 1], "texture": "#0"}
			}
		},
		{
			"name": "octagon",
			"from": [8.125, 6.34467, -10.5],
			"to": [8.875, 6.65533, -10.5],
			"rotation": {"angle": 45, "axis": "z", "origin": [8.5, 6.5, -9.5]},
			"faces": {
				"north": {"uv": [12, 5, 13, 6], "texture": "#0"},
				"east": {"uv": [0, 0, 1, 1], "texture": "#0"},
				"south": {"uv": [0, 0, 1, 1], "texture": "#0"},
				"west": {"uv": [0, 0, 1, 1], "texture": "#0"},
				"up": {"uv": [0, 0, 1, 1], "texture": "#0"},
				"down": {"uv": [0, 0, 1, 1], "texture": "#0"}
			}
		},
		{
			"name": "octagon",
			"from": [8.125, 6.34467, -10.5],
			"to": [8.875, 6.65533, -10.5],
			"rotation": {"angle": 0, "axis": "y", "origin": [8.5, 6.5, -9.5]},
			"faces": {
				"north": {"uv": [12, 5, 13, 6], "texture": "#0"},
				"east": {"uv": [12, 5, 13, 6], "texture": "#0"},
				"south": {"uv": [12, 5, 13, 6], "texture": "#0"},
				"west": {"uv": [12, 5, 13, 6], "texture": "#0"},
				"up": {"uv": [12, 5, 13, 6], "texture": "#0"},
				"down": {"uv": [12, 5, 13, 6], "texture": "#0"}
			}
		},
		{
			"from": [7.5, 3.25, 10],
			"to": [8.5, 5, 11.75],
			"rotation": {"angle": 0, "axis": "y", "origin": [7, 3, 10]},
			"faces": {
				"north": {"uv": [5, 5, 6, 6.75], "texture": "#0"},
				"east": {"uv": [6, 5, 7.75, 6.75], "texture": "#0"},
				"south": {"uv": [6, 5, 7, 6.75], "texture": "#0"},
				"west": {"uv": [5, 6, 6.75, 7.75], "texture": "#0"},
				"up": {"uv": [7, 6, 8, 7.75], "texture": "#0"},
				"down": {"uv": [6, 6, 7, 7.75], "texture": "#0"}
			}
		}
	],
	"display": {
		"thirdperson_righthand": {
			"translation": [0, 3, -1.75]
		},
		"thirdperson_lefthand": {
			"translation": [0, 3, -1.75]
		},
		"firstperson_righthand": {
			"rotation": [0, -15, 0],
			"translation": [13, 3.75, 1.25]
		},
		"firstperson_lefthand": {
			"rotation": [0, -15, 0],
			"translation": [13, 3.75, 1.25]
		},
		"ground": {
			"rotation": [0, 0, -90],
			"translation": [2, -2.25, 0],
			"scale": [0.85, 0.85, 0.85]
		},
		"gui": {
			"rotation": [20, 125, 0],
			"translation": [-1, 1, 0]
		},
		"head": {
			"translation": [0, -3.75, -11.25],
			"scale": [3, 0.5, 0.75]
		},
		"fixed": {
			"rotation": [0, -90, 0],
			"translation": [0, 2.75, -0.25]
		}
	},
	"groups": [
		0,
		1,
		2,
		3,
		4,
		5,
		6,
		7,
		{
			"name": "octagon",
			"origin": [8, 8, 8],
			"color": 0,
			"children": [8, 9, 10, 11, 12, 13, 14, 15]
		},
		{
			"name": "octagon",
			"origin": [8, 8, 8],
			"color": 0,
			"children": [16, 17, 18, 19, 20, 21, 22, 23]
		},
		{
			"name": "octagon",
			"origin": [8, 8, 8],
			"color": 0,
			"children": [24, 25, 26, 27, 28, 29, 30, 31]
		},
		{
			"name": "octagon",
			"origin": [8, 8, 8],
			"color": 0,
			"children": [32, 33, 34, 35, 36, 37, 38, 39]
		},
		{
			"name": "octagon",
			"origin": [8, 8, 8],
			"color": 0,
			"children": [40, 41, 42, 43]
		},
		{
			"name": "octagon",
			"origin": [8, 8, 8],
			"color": 0,
			"children": [44, 45, 46, 47]
		},
		48
	]
}