{
	"credit": "Made with Blockbench",
	"textures": {
		"1": "modern_guns:item/gl06"
	},
	"elements": [
		{
			"from": [6.99, 6, 6],
			"to": [8.99, 8, 18],
			"rotation": {"angle": 0, "axis": "y", "origin": [7, 6, 11]},
			"faces": {
				"north": {"uv": [2, 2, 4, 4], "texture": "#1"},
				"east": {"uv": [2, 2, 14, 4], "texture": "#1"},
				"south": {"uv": [12, 2, 14, 4], "texture": "#1"},
				"west": {"uv": [2, 2, 14, 4], "texture": "#1"},
				"up": {"uv": [2, 4, 4, 16], "texture": "#1"},
				"down": {"uv": [2, 4, 4, 16], "texture": "#1"}
			}
		},
		{
			"from": [7.24, 7, 18],
			"to": [8.74, 8, 25],
			"rotation": {"angle": 0, "axis": "y", "origin": [7, 6, 11]},
			"faces": {
				"north": {"uv": [0, 5, 1.5, 6], "texture": "#1"},
				"east": {"uv": [6, 1, 13, 2], "texture": "#1"},
				"south": {"uv": [0, 11, 1.5, 12], "texture": "#1"},
				"west": {"uv": [6, 1, 13, 2], "texture": "#1"},
				"up": {"uv": [0, 5, 1.5, 12], "texture": "#1"},
				"down": {"uv": [0, 5, 1.5, 12], "texture": "#1"}
			}
		},
		{
			"from": [7.27, 4, 21],
			"to": [8.77, 7, 22],
			"rotation": {"angle": 0, "axis": "y", "origin": [7, 6, 11]},
			"faces": {
				"north": {"uv": [0, 8, 1.5, 11], "texture": "#1"},
				"east": {"uv": [0, 8, 1, 11], "texture": "#1"},
				"south": {"uv": [0, 8, 1.5, 11], "texture": "#1"},
				"west": {"uv": [0, 8, 1, 11], "texture": "#1"},
				"up": {"uv": [0, 10, 1.5, 11], "texture": "#1"},
				"down": {"uv": [0, 8, 1.5, 9], "texture": "#1"}
			}
		},
		{
			"from": [7.25, 2.47, 23.99],
			"to": [8.75, 7.07, 24.99],
			"rotation": {"angle": 0, "axis": "y", "origin": [7, 6, 11]},
			"faces": {
				"north": {"uv": [0, 10, 1.5, 14.6], "texture": "#1"},
				"east": {"uv": [0, 9, 1, 13.6], "texture": "#1"},
				"south": {"uv": [0, 9, 1.5, 13.6], "texture": "#1"},
				"west": {"uv": [0, 9, 1, 13.6], "texture": "#1"},
				"up": {"uv": [0, 13, 1.5, 14], "texture": "#1"},
				"down": {"uv": [0, 12, 1.5, 13], "texture": "#1"}
			}
		},
		{
			"from": [7, 7.5, 14],
			"to": [9, 9.5, 16],
			"rotation": {"angle": 0, "axis": "y", "origin": [7, 5.5, 11]},
			"faces": {
				"north": {"uv": [10, 2, 12, 4], "texture": "#1"},
				"east": {"uv": [10, 2, 12, 4], "texture": "#1"},
				"south": {"uv": [10, 2, 12, 4], "texture": "#1"},
				"west": {"uv": [5, 2, 7, 4], "texture": "#1"},
				"up": {"uv": [10, 2, 12, 4], "texture": "#1"},
				"down": {"uv": [10, 2, 12, 4], "texture": "#1"}
			}
		},
		{
			"from": [7.01, 7.085, 15.02],
			"to": [9.01, 9.085, 17.82],
			"rotation": {"angle": 45, "axis": "x", "origin": [8, 8.1, 16]},
			"faces": {
				"north": {"uv": [11, 2, 13, 4], "texture": "#1"},
				"east": {"uv": [11, 2, 13.8, 4], "texture": "#1"},
				"south": {"uv": [11, 2, 13, 4], "texture": "#1"},
				"west": {"uv": [11, 2, 13.8, 4], "texture": "#1"},
				"up": {"uv": [2, 7, 4, 9.8], "texture": "#1"},
				"down": {"uv": [2, 7, 4, 9.8], "texture": "#1"}
			}
		},
		{
			"from": [7.26, 3.875, 15.18],
			"to": [8.76, 4.875, 24.48],
			"rotation": {"angle": 22.5, "axis": "x", "origin": [8, 4.37525, 20.71064]},
			"faces": {
				"north": {"uv": [0, 5, 1.5, 6], "texture": "#1"},
				"east": {"uv": [6, 1, 15.3, 2], "texture": "#1"},
				"south": {"uv": [0, 13, 1.5, 14], "texture": "#1"},
				"west": {"uv": [6, 1, 15.3, 2], "texture": "#1"},
				"up": {"uv": [0, 5, 1.5, 14.3], "texture": "#1"},
				"down": {"uv": [0, 5, 1.5, 14.3], "texture": "#1"}
			}
		},
		{
			"from": [6.75, 5.75, 0.75],
			"to": [9.25, 8, 6],
			"rotation": {"angle": 0, "axis": "y", "origin": [7, 6, 11]},
			"faces": {
				"north": {"uv": [8, 8, 10.5, 10.25], "texture": "#1"},
				"east": {"uv": [5, 5, 10.25, 7.25], "texture": "#1"},
				"south": {"uv": [8, 8, 10.5, 10.25], "texture": "#1"},
				"west": {"uv": [5, 5, 10.25, 7.25], "texture": "#1"},
				"up": {"uv": [5, 8, 7.5, 13.25], "texture": "#1"},
				"down": {"uv": [5, 8.75, 7.5, 14], "texture": "#1"}
			}
		},
		{
			"from": [7.6, 4, 10],
			"to": [8.4, 6, 12],
			"rotation": {"angle": 0, "axis": "y", "origin": [7, 3, 11]},
			"faces": {
				"north": {"uv": [9, 12, 9.8, 14], "texture": "#1"},
				"east": {"uv": [9, 12, 11, 14], "texture": "#1"},
				"south": {"uv": [10, 12, 10.8, 14], "texture": "#1"},
				"west": {"uv": [9, 12, 11, 14], "texture": "#1"},
				"up": {"uv": [9, 12, 9.8, 14], "texture": "#1"},
				"down": {"uv": [10, 12, 10.8, 14], "texture": "#1"}
			}
		},
		{
			"from": [7.5, 3.5, 8],
			"to": [8.5, 6, 9],
			"rotation": {"angle": 0, "axis": "y", "origin": [7, 6, 11]},
			"faces": {
				"north": {"uv": [0, 0, 1, 2.5], "texture": "#1"},
				"east": {"uv": [0, 0, 1, 2.5], "texture": "#1"},
				"south": {"uv": [0, 0, 1, 2.5], "texture": "#1"},
				"west": {"uv": [0, 0, 1, 2.5], "texture": "#1"},
				"up": {"uv": [0, 0, 1, 1], "texture": "#1"},
				"down": {"uv": [0, 0, 1, 1], "texture": "#1"}
			}
		},
		{
			"from": [7.5, 3.5, 9],
			"to": [8.5, 4.5, 12],
			"rotation": {"angle": 0, "axis": "y", "origin": [7, 6.5, 11]},
			"faces": {
				"north": {"uv": [0, 0, 1, 1], "texture": "#1"},
				"east": {"uv": [0, 0, 3, 1], "texture": "#1"},
				"south": {"uv": [0, 0, 1, 1], "texture": "#1"},
				"west": {"uv": [0, 0, 3, 1], "texture": "#1"},
				"up": {"uv": [0, 0, 1, 3], "texture": "#1"},
				"down": {"uv": [0, 0, 1, 3], "texture": "#1"}
			}
		},
		{
			"from": [7.25, 1.25, 11],
			"to": [8.75, 6.75, 13],
			"rotation": {"angle": -22.5, "axis": "x", "origin": [8, 5.25, 12]},
			"faces": {
				"north": {"uv": [0, 0, 1.5, 5.5], "texture": "#1"},
				"east": {"uv": [0, 0, 2, 5.5], "texture": "#1"},
				"south": {"uv": [0, 0, 1.5, 5.5], "texture": "#1"},
				"west": {"uv": [0, 0, 2, 5.5], "texture": "#1"},
				"up": {"uv": [0, 0, 1.5, 2], "texture": "#1"},
				"down": {"uv": [0, 0, 1.5, 2], "texture": "#1"}
			}
		},
		{
			"name": "octagon",
			"from": [7.37868, 6.5, -2],
			"to": [8.62132, 7, 14],
			"rotation": {"angle": 45, "axis": "z", "origin": [8, 8, 6]},
			"faces": {
				"north": {"uv": [0, 0, 1.24264, 0.5], "texture": "#1"},
				"east": {"uv": [0, 0, 16, 0.5], "texture": "#1"},
				"south": {"uv": [14.75736, 0, 16, 0.5], "texture": "#1"},
				"west": {"uv": [0, 0, 16, 0.5], "texture": "#1"},
				"up": {"uv": [0, 0, 1.24264, 16], "texture": "#1"},
				"down": {"uv": [0, 0, 1.24264, 16], "texture": "#1"}
			}
		},
		{
			"name": "octagon",
			"from": [7.37868, 6.5, -2],
			"to": [8.62132, 7, 14],
			"rotation": {"angle": 0, "axis": "z", "origin": [8, 8, 6]},
			"faces": {
				"north": {"uv": [0, 0, 1.24264, 0.5], "texture": "#1"},
				"east": {"uv": [0, 0, 16, 0.5], "texture": "#1"},
				"south": {"uv": [0, 0, 1.24264, 0.5], "texture": "#1"},
				"west": {"uv": [0, 0, 16, 0.5], "texture": "#1"},
				"up": {"uv": [0, 0, 1.24264, 16], "texture": "#1"},
				"down": {"uv": [0, 0, 1.24264, 16], "texture": "#1"}
			}
		},
		{
			"name": "octagon",
			"from": [7.37868, 9, -2],
			"to": [8.62132, 9.5, 14],
			"rotation": {"angle": 45, "axis": "z", "origin": [8, 8, 6]},
			"faces": {
				"north": {"uv": [0, 0, 1.24264, 0.5], "texture": "#1"},
				"east": {"uv": [0, 0, 16, 0.5], "texture": "#1"},
				"south": {"uv": [14.75736, 0, 16, 0.5], "texture": "#1"},
				"west": {"uv": [0, 0, 16, 0.5], "texture": "#1"},
				"up": {"uv": [0, 0, 1.24264, 16], "texture": "#1"},
				"down": {"uv": [0, 0, 1.24264, 16], "texture": "#1"}
			}
		},
		{
			"name": "octagon",
			"from": [7.37868, 9, -2],
			"to": [8.62132, 9.5, 14],
			"rotation": {"angle": 0, "axis": "z", "origin": [8, 8, 6]},
			"faces": {
				"north": {"uv": [0, 0, 1.24264, 0.5], "texture": "#1"},
				"east": {"uv": [0, 0, 16, 0.5], "texture": "#1"},
				"south": {"uv": [0, 0, 1.24264, 0.5], "texture": "#1"},
				"west": {"uv": [0, 0, 16, 0.5], "texture": "#1"},
				"up": {"uv": [0, 0, 1.24264, 16], "texture": "#1"},
				"down": {"uv": [0, 0, 1.24264, 16], "texture": "#1"}
			}
		},
		{
			"name": "octagon",
			"from": [6.5, 7.37868, -2],
			"to": [7, 8.62132, 14],
			"rotation": {"angle": 45, "axis": "z", "origin": [8, 8, 6]},
			"faces": {
				"north": {"uv": [0, 0, 0.5, 1.24264], "texture": "#1"},
				"east": {"uv": [0, 0, 16, 1.24264], "texture": "#1"},
				"south": {"uv": [15.5, 0, 16, 1.24264], "texture": "#1"},
				"west": {"uv": [0, 0, 16, 1.24264], "texture": "#1"},
				"up": {"uv": [0, 0, 0.5, 16], "texture": "#1"},
				"down": {"uv": [0, 0, 0.5, 16], "texture": "#1"}
			}
		},
		{
			"name": "octagon",
			"from": [6.5, 7.37868, -2],
			"to": [7, 8.62132, 14],
			"rotation": {"angle": 0, "axis": "z", "origin": [8, 8, 6]},
			"faces": {
				"north": {"uv": [0, 0, 0.5, 1.24264], "texture": "#1"},
				"east": {"uv": [0, 0, 16, 1.24264], "texture": "#1"},
				"south": {"uv": [15.5, 0, 16, 1.24264], "texture": "#1"},
				"west": {"uv": [0, 0, 16, 1.24264], "texture": "#1"},
				"up": {"uv": [0, 0, 0.5, 16], "texture": "#1"},
				"down": {"uv": [0, 0, 0.5, 16], "texture": "#1"}
			}
		},
		{
			"name": "octagon",
			"from": [9, 7.37868, -2],
			"to": [9.5, 8.62132, 14],
			"rotation": {"angle": 45, "axis": "z", "origin": [8, 8, 6]},
			"faces": {
				"north": {"uv": [0, 0, 0.5, 1.24264], "texture": "#1"},
				"east": {"uv": [0, 0, 16, 1.24264], "texture": "#1"},
				"south": {"uv": [15.5, 0, 16, 1.24264], "texture": "#1"},
				"west": {"uv": [0, 0, 16, 1.24264], "texture": "#1"},
				"up": {"uv": [0, 0, 0.5, 16], "texture": "#1"},
				"down": {"uv": [0, 0, 0.5, 16], "texture": "#1"}
			}
		},
		{
			"name": "octagon",
			"from": [9, 7.37868, -2],
			"to": [9.5, 8.62132, 14],
			"rotation": {"angle": 0, "axis": "z", "origin": [8, 8, 6]},
			"faces": {
				"north": {"uv": [0, 0, 0.5, 1.24264], "texture": "#1"},
				"east": {"uv": [0, 0, 16, 1.24264], "texture": "#1"},
				"south": {"uv": [15.5, 0, 16, 1.24264], "texture": "#1"},
				"west": {"uv": [0, 0, 16, 1.24264], "texture": "#1"},
				"up": {"uv": [0, 0, 0.5, 16], "texture": "#1"},
				"down": {"uv": [0, 0, 0.5, 16], "texture": "#1"}
			}
		},
		{
			"name": "octagon",
			"from": [7.43046, 6.625, -1.5],
			"to": [8.56954, 9.375, -1.5],
			"rotation": {"angle": 45, "axis": "z", "origin": [8, 8, 6.5]},
			"faces": {
				"north": {"uv": [5, 15, 6, 16], "texture": "#1"},
				"east": {"uv": [5, 15, 6, 16], "texture": "#1"},
				"south": {"uv": [5, 15, 6, 16], "texture": "#1"},
				"west": {"uv": [5, 15, 6, 16], "texture": "#1"},
				"up": {"uv": [5, 15, 6, 16], "texture": "#1"},
				"down": {"uv": [5, 15, 6, 16], "texture": "#1"}
			}
		},
		{
			"name": "octagon",
			"from": [7.43046, 6.625, -1.5],
			"to": [8.56954, 9.375, -1.5],
			"rotation": {"angle": 0, "axis": "z", "origin": [8, 8, 6.5]},
			"faces": {
				"north": {"uv": [5, 15, 6, 16], "texture": "#1"},
				"east": {"uv": [5, 15, 6, 16], "texture": "#1"},
				"south": {"uv": [5, 15, 6, 16], "texture": "#1"},
				"west": {"uv": [5, 15, 6, 16], "texture": "#1"},
				"up": {"uv": [5, 15, 6, 16], "texture": "#1"},
				"down": {"uv": [5, 15, 6, 16], "texture": "#1"}
			}
		},
		{
			"name": "octagon",
			"from": [6.625, 7.43046, -1.5],
			"to": [9.375, 8.56954, -1.5],
			"rotation": {"angle": 45, "axis": "z", "origin": [8, 8, 6.5]},
			"faces": {
				"north": {"uv": [5, 15, 6, 16], "texture": "#1"},
				"east": {"uv": [5, 15, 6, 16], "texture": "#1"},
				"south": {"uv": [5, 15, 6, 16], "texture": "#1"},
				"west": {"uv": [5, 15, 6, 16], "texture": "#1"},
				"up": {"uv": [5, 15, 6, 16], "texture": "#1"},
				"down": {"uv": [5, 15, 6, 16], "texture": "#1"}
			}
		},
		{
			"name": "octagon",
			"from": [6.625, 7.43046, -1.5],
			"to": [9.375, 8.56954, -1.5],
			"rotation": {"angle": 0, "axis": "z", "origin": [8, 8, 6.5]},
			"faces": {
				"north": {"uv": [5, 15, 6, 16], "texture": "#1"},
				"east": {"uv": [5, 15, 6, 16], "texture": "#1"},
				"south": {"uv": [5, 15, 6, 16], "texture": "#1"},
				"west": {"uv": [5, 15, 6, 16], "texture": "#1"},
				"up": {"uv": [5, 15, 6, 16], "texture": "#1"},
				"down": {"uv": [5, 15, 6, 16], "texture": "#1"}
			}
		},
		{
			"from": [7.5, 9, -1.99],
			"to": [8.5, 10, -0.74],
			"rotation": {"angle": 0, "axis": "y", "origin": [7, 8, -2]},
			"faces": {
				"north": {"uv": [0, 0, 1, 1], "texture": "#1"},
				"east": {"uv": [0, 0, 1.25, 1], "texture": "#1"},
				"south": {"uv": [0, 0, 1, 1], "texture": "#1"},
				"west": {"uv": [0, 0, 1.25, 1], "texture": "#1"},
				"up": {"uv": [0, 0, 1, 1.25], "texture": "#1"},
				"down": {"uv": [0, 0, 1, 1.25], "texture": "#1"}
			}
		},
		{
			"from": [7.5, 9, 13.01],
			"to": [8.5, 9.9, 15.26],
			"rotation": {"angle": 0, "axis": "y", "origin": [7, 8, 13]},
			"faces": {
				"north": {"uv": [15, 0, 16, 0.9], "texture": "#1"},
				"east": {"uv": [13, 0, 15.25, 0.9], "texture": "#1"},
				"south": {"uv": [15, 0, 16, 0.9], "texture": "#1"},
				"west": {"uv": [13, 0, 15.25, 0.9], "texture": "#1"},
				"up": {"uv": [15, 0, 16, 1.95], "texture": "#1"},
				"down": {"uv": [15, 0, 16, 1.95], "texture": "#1"}
			}
		}
	],
	"display": {
		"thirdperson_righthand": {
			"translation": [0, 2, -1.5]
		},
		"thirdperson_lefthand": {
			"translation": [0, 2, -1.5]
		},
		"firstperson_righthand": {
			"rotation": [0, -15, 0],
			"translation": [9, 2.25, 2.75]
		},
		"firstperson_lefthand": {
			"rotation": [0, -15, 0],
			"translation": [9, 2.25, 2.75]
		},
		"ground": {
			"rotation": [0, 0, 90],
			"translation": [-2, -0.75, -2.5],
			"scale": [0.9, 0.9, 0.9]
		},
		"gui": {
			"rotation": [24, 117, 0],
			"translation": [-3, 0, 0]
		},
		"head": {
			"rotation": [25, 0, 0],
			"translation": [0, 6.25, -5.75],
			"scale": [3, 0.75, 2]
		},
		"fixed": {
			"rotation": [0, -90, 0],
			"translation": [3, 0, 0]
		}
	},
	"groups": [
		0,
		1,
		2,
		3,
		4,
		5,
		6,
		7,
		8,
		9,
		10,
		11,
		{
			"name": "octagon",
			"origin": [8, 8, 8],
			"color": 0,
			"children": [12, 13, 14, 15, 16, 17, 18, 19]
		},
		{
			"name": "octagon",
			"origin": [8, 8, 8],
			"color": 0,
			"children": [20, 21, 22, 23]
		},
		24,
		25
	]
}