{
	"credit": "Made with Blockbench",
	"textures": {
		"particle": "modern_guns:item/m4_carbine"
	},
	"elements": [
		{
			"from": [7.01, 2.53, 21.29],
			"to": [9.01, 4.63, 22.29],
			"rotation": {"angle": -22.5, "axis": "x", "origin": [8, 4.3, 21.7]},
			"faces": {
				"north": {"uv": [0, 0, 2, 2.1], "texture": "#particle"},
				"east": {"uv": [0, 0, 1, 2.1], "texture": "#particle"},
				"south": {"uv": [0, 0, 2, 2.1], "texture": "#particle"},
				"west": {"uv": [0, 0, 1, 2.1], "texture": "#particle"},
				"up": {"uv": [0, 0, 2, 1], "texture": "#particle"},
				"down": {"uv": [0, 0, 2, 1], "texture": "#particle"}
			}
		},
		{
			"from": [6.99, 2.5, 22.01],
			"to": [8.99, 6.1, 23.01],
			"faces": {
				"north": {"uv": [0, 0, 2, 3.6], "texture": "#particle"},
				"east": {"uv": [0, 0, 1, 3.6], "texture": "#particle"},
				"south": {"uv": [0, 0, 2, 3.6], "texture": "#particle"},
				"west": {"uv": [0, 0, 1, 3.6], "texture": "#particle"},
				"up": {"uv": [0, 0, 2, 1], "texture": "#particle"},
				"down": {"uv": [0, 0, 2, 1], "texture": "#particle"}
			}
		},
		{
			"from": [7.01, 4.73, 21.44],
			"to": [9.01, 6.83, 22.69],
			"rotation": {"angle": -45, "axis": "x", "origin": [8, 4.3, 21.7]},
			"faces": {
				"north": {"uv": [0, 0, 2, 2.1], "texture": "#particle"},
				"east": {"uv": [0, 0, 1.25, 2.1], "texture": "#particle"},
				"south": {"uv": [0, 0, 2, 2.1], "texture": "#particle"},
				"west": {"uv": [0, 0, 1.25, 2.1], "texture": "#particle"},
				"up": {"uv": [0, 0, 2, 1.25], "texture": "#particle"},
				"down": {"uv": [0, 0, 2, 1.25], "texture": "#particle"}
			}
		},
		{
			"from": [7, 4.5, 21.25],
			"to": [9, 6.1, 23],
			"faces": {
				"north": {"uv": [0, 0, 2, 1.6], "texture": "#particle"},
				"east": {"uv": [0, 0, 1.75, 1.6], "texture": "#particle"},
				"south": {"uv": [0, 0, 2, 1.6], "texture": "#particle"},
				"west": {"uv": [0, 0, 1.75, 1.6], "texture": "#particle"},
				"up": {"uv": [0, 0, 2, 1.75], "texture": "#particle"},
				"down": {"uv": [0, 0, 2, 1.75], "texture": "#particle"}
			}
		},
		{
			"name": "octagon",
			"from": [7.58579, 5.5, 18],
			"to": [8.41421, 7.5, 23],
			"rotation": {"angle": 45, "axis": "z", "origin": [8, 6.5, 22]},
			"faces": {
				"north": {"uv": [0, 0, 1, 1], "texture": "#particle"},
				"east": {"uv": [0, 0, 1, 1], "texture": "#particle"},
				"south": {"uv": [0, 0, 1, 1], "texture": "#particle"},
				"west": {"uv": [0, 0, 1, 1], "texture": "#particle"},
				"up": {"uv": [1, 0, 2, 5], "texture": "#particle"},
				"down": {"uv": [1, 0, 2, 5], "texture": "#particle"}
			}
		},
		{
			"name": "octagon",
			"from": [7.58579, 5.5, 18],
			"to": [8.41421, 7.5, 23],
			"rotation": {"angle": 0, "axis": "y", "origin": [8, 6.5, 22]},
			"faces": {
				"north": {"uv": [0, 0, 1, 1], "texture": "#particle"},
				"east": {"uv": [0, 0, 1, 1], "texture": "#particle"},
				"south": {"uv": [0, 0, 1, 1], "texture": "#particle"},
				"west": {"uv": [0, 0, 1, 1], "texture": "#particle"},
				"up": {"uv": [1, 0, 2, 5], "texture": "#particle"},
				"down": {"uv": [1, 0, 2, 5], "texture": "#particle"}
			}
		},
		{
			"name": "octagon",
			"from": [7, 6.08579, 18],
			"to": [9, 6.91421, 23],
			"rotation": {"angle": 45, "axis": "z", "origin": [8, 6.5, 22]},
			"faces": {
				"north": {"uv": [0, 0, 1, 1], "texture": "#particle"},
				"east": {"uv": [0, 1, 5, 2], "texture": "#particle"},
				"south": {"uv": [0, 0, 1, 1], "texture": "#particle"},
				"west": {"uv": [4, 1, 9, 2], "texture": "#particle"},
				"up": {"uv": [0, 0, 1, 1], "texture": "#particle"},
				"down": {"uv": [0, 0, 1, 1], "texture": "#particle"}
			}
		},
		{
			"name": "octagon",
			"from": [6.99, 6.08579, 18],
			"to": [8.99, 6.91421, 23],
			"rotation": {"angle": 0, "axis": "y", "origin": [8, 6.5, 22]},
			"faces": {
				"north": {"uv": [0, 0, 1, 1], "texture": "#particle"},
				"east": {"uv": [0, 1, 5, 2], "texture": "#particle"},
				"south": {"uv": [0, 0, 1, 1], "texture": "#particle"},
				"west": {"uv": [0, 1, 5, 2], "texture": "#particle"},
				"up": {"uv": [0, 0, 1, 1], "texture": "#particle"},
				"down": {"uv": [0, 0, 1, 1], "texture": "#particle"}
			}
		},
		{
			"name": "octagon",
			"from": [7.68934, 5.75, 14],
			"to": [8.31066, 7.25, 18],
			"rotation": {"angle": 45, "axis": "z", "origin": [8, 6.5, 15]},
			"faces": {
				"north": {"uv": [0, 0, 1, 1], "texture": "#particle"},
				"east": {"uv": [0, 0, 1, 1], "texture": "#particle"},
				"south": {"uv": [0, 0, 1, 1], "texture": "#particle"},
				"west": {"uv": [0, 0, 1, 1], "texture": "#particle"},
				"up": {"uv": [1, 0, 2, 4], "texture": "#particle"},
				"down": {"uv": [1, 0, 2, 4], "texture": "#particle"}
			}
		},
		{
			"name": "octagon",
			"from": [7.68934, 5.75, 14],
			"to": [8.31066, 7.25, 18],
			"rotation": {"angle": 0, "axis": "z", "origin": [8, 6.5, 15]},
			"faces": {
				"north": {"uv": [0, 0, 1, 1], "texture": "#particle"},
				"east": {"uv": [0, 0, 1, 1], "texture": "#particle"},
				"south": {"uv": [0, 0, 1, 1], "texture": "#particle"},
				"west": {"uv": [0, 0, 1, 1], "texture": "#particle"},
				"up": {"uv": [1, 0, 2, 4], "texture": "#particle"},
				"down": {"uv": [1, 0, 2, 4], "texture": "#particle"}
			}
		},
		{
			"name": "octagon",
			"from": [7.25, 6.18934, 14],
			"to": [8.75, 6.81066, 18],
			"rotation": {"angle": 45, "axis": "z", "origin": [8, 6.5, 15]},
			"faces": {
				"north": {"uv": [0, 0, 1, 1], "texture": "#particle"},
				"east": {"uv": [0, 1, 4, 2], "texture": "#particle"},
				"south": {"uv": [0, 0, 1, 1], "texture": "#particle"},
				"west": {"uv": [0, 2, 4, 3], "texture": "#particle"},
				"up": {"uv": [0, 0, 1, 1], "texture": "#particle"},
				"down": {"uv": [0, 0, 1, 1], "texture": "#particle"}
			}
		},
		{
			"name": "octagon",
			"from": [7.25, 6.18934, 14],
			"to": [8.75, 6.81066, 18],
			"rotation": {"angle": 0, "axis": "z", "origin": [8, 6.5, 15]},
			"faces": {
				"north": {"uv": [0, 0, 1, 1], "texture": "#particle"},
				"east": {"uv": [0, 1, 4, 2], "texture": "#particle"},
				"south": {"uv": [0, 0, 1, 1], "texture": "#particle"},
				"west": {"uv": [0, 1, 4, 2], "texture": "#particle"},
				"up": {"uv": [0, 0, 1, 1], "texture": "#particle"},
				"down": {"uv": [0, 0, 1, 1], "texture": "#particle"}
			}
		},
		{
			"from": [8, 0, 11.5],
			"to": [9, 5, 13.5],
			"rotation": {"angle": -22.5, "axis": "x", "origin": [8, 4, 11]},
			"faces": {
				"north": {"uv": [14, 11, 15, 16], "texture": "#particle"},
				"east": {"uv": [16, 11, 14, 16], "texture": "#particle"},
				"south": {"uv": [15, 11, 16, 16], "texture": "#particle"},
				"west": {"uv": [14, 11, 16, 16], "texture": "#particle"},
				"up": {"uv": [14, 14, 16, 16], "texture": "#particle"},
				"down": {"uv": [14, 14, 15, 16], "texture": "#particle"}
			}
		},
		{
			"from": [7, 0, 11.5],
			"to": [8, 5, 13.5],
			"rotation": {"angle": -22.5, "axis": "x", "origin": [8, 4, 11]},
			"faces": {
				"north": {"uv": [14, 11, 15, 16], "texture": "#particle"},
				"east": {"uv": [14, 11, 16, 16], "texture": "#particle"},
				"south": {"uv": [15, 11, 16, 16], "texture": "#particle"},
				"west": {"uv": [14, 11, 16, 16], "texture": "#particle"},
				"up": {"uv": [14, 14, 16, 16], "texture": "#particle"},
				"down": {"uv": [14, 14, 15, 16], "texture": "#particle"}
			}
		},
		{
			"from": [7.25, 0, 6],
			"to": [8.75, 4, 8.5],
			"faces": {
				"north": {"uv": [14.25, 0, 15.75, 4], "texture": "#particle"},
				"east": {"uv": [13.25, 0, 15.75, 4], "texture": "#particle"},
				"south": {"uv": [14.25, 0, 15.75, 4], "texture": "#particle"},
				"west": {"uv": [13.25, 0, 15.75, 4], "texture": "#particle"},
				"up": {"uv": [14.5, 0, 16, 2.5], "texture": "#particle"},
				"down": {"uv": [14.5, 0, 16, 2.5], "texture": "#particle"}
			}
		},
		{
			"from": [7, 4, 5.75],
			"to": [9, 5, 8.75],
			"faces": {
				"north": {"uv": [0, 0, 2, 1], "texture": "#particle"},
				"east": {"uv": [0, 0, 3, 1], "texture": "#particle"},
				"south": {"uv": [0, 0, 2, 1], "texture": "#particle"},
				"west": {"uv": [0, 0, 3, 1], "texture": "#particle"},
				"up": {"uv": [0, 0, 2, 3], "texture": "#particle"},
				"down": {"uv": [0, 0, 2, 3], "texture": "#particle"}
			}
		},
		{
			"from": [7.65, 3.5, 10.25],
			"to": [8.35, 5, 12],
			"faces": {
				"north": {"uv": [12, 14.5, 12.7, 16], "texture": "#particle"},
				"east": {"uv": [11, 14.5, 12.75, 16], "texture": "#particle"},
				"south": {"uv": [12, 14.5, 12.7, 16], "texture": "#particle"},
				"west": {"uv": [11, 14.5, 12.75, 16], "texture": "#particle"},
				"up": {"uv": [11, 14.25, 11.7, 16], "texture": "#particle"},
				"down": {"uv": [11, 14.25, 11.7, 16], "texture": "#particle"}
			}
		},
		{
			"from": [6.75, 5, 5],
			"to": [9.25, 7.5, 14],
			"faces": {
				"north": {"uv": [0.25, 0.25, 2.75, 2.75], "texture": "#particle"},
				"east": {"uv": [9, 2.75, 0, 0.25], "texture": "#particle"},
				"south": {"uv": [0.25, 0.25, 2.75, 2.75], "texture": "#particle"},
				"west": {"uv": [0, 0.25, 9, 2.75], "texture": "#particle"},
				"up": {"uv": [2.75, 0, 0.25, 9], "texture": "#particle"},
				"down": {"uv": [0.25, 0, 2.75, 9], "texture": "#particle"}
			}
		},
		{
			"name": "octagon",
			"from": [7.63756, 5.625, 4.5],
			"to": [8.36244, 7.375, 5],
			"rotation": {"angle": 45, "axis": "z", "origin": [8, 6.5, 5.5]},
			"faces": {
				"north": {"uv": [0, 0, 1, 1], "texture": "#particle"},
				"east": {"uv": [0, 0, 1, 1], "texture": "#particle"},
				"south": {"uv": [0, 0, 1, 1], "texture": "#particle"},
				"west": {"uv": [0, 0, 1, 1], "texture": "#particle"},
				"up": {"uv": [0, 0, 1, 1], "texture": "#particle"},
				"down": {"uv": [0, 0, 1, 1], "texture": "#particle"}
			}
		},
		{
			"name": "octagon",
			"from": [7.63756, 5.625, 4.5],
			"to": [8.36244, 7.375, 5],
			"rotation": {"angle": 0, "axis": "z", "origin": [8, 6.5, 5.5]},
			"faces": {
				"north": {"uv": [0, 0, 1, 1], "texture": "#particle"},
				"east": {"uv": [0, 0, 1, 1], "texture": "#particle"},
				"south": {"uv": [0, 0, 1, 1], "texture": "#particle"},
				"west": {"uv": [0, 0, 1, 1], "texture": "#particle"},
				"up": {"uv": [0, 0, 1, 1], "texture": "#particle"},
				"down": {"uv": [0, 0, 1, 1], "texture": "#particle"}
			}
		},
		{
			"name": "octagon",
			"from": [7.125, 6.13756, 4.5],
			"to": [8.875, 6.86244, 5],
			"rotation": {"angle": 45, "axis": "z", "origin": [8, 6.5, 5.5]},
			"faces": {
				"north": {"uv": [0, 0, 1, 1], "texture": "#particle"},
				"east": {"uv": [0, 0, 1, 1], "texture": "#particle"},
				"south": {"uv": [0, 0, 1, 1], "texture": "#particle"},
				"west": {"uv": [0, 0, 1, 1], "texture": "#particle"},
				"up": {"uv": [0, 0, 1, 1], "texture": "#particle"},
				"down": {"uv": [0, 0, 1, 1], "texture": "#particle"}
			}
		},
		{
			"name": "octagon",
			"from": [7.125, 6.13756, 4.5],
			"to": [8.875, 6.86244, 5],
			"rotation": {"angle": 0, "axis": "z", "origin": [8, 6.5, 5.5]},
			"faces": {
				"north": {"uv": [0, 0, 1, 1], "texture": "#particle"},
				"east": {"uv": [0, 0, 1, 1], "texture": "#particle"},
				"south": {"uv": [0, 0, 1, 1], "texture": "#particle"},
				"west": {"uv": [0, 0, 1, 1], "texture": "#particle"},
				"up": {"uv": [0, 0, 1, 1], "texture": "#particle"},
				"down": {"uv": [0, 0, 1, 1], "texture": "#particle"}
			}
		},
		{
			"name": "octagon",
			"from": [7.58579, 5.5, -2.5],
			"to": [8.41421, 7.5, 4.5],
			"rotation": {"angle": 45, "axis": "z", "origin": [8, 6.5, 3.5]},
			"faces": {
				"north": {"uv": [0, 0, 1, 1], "texture": "#particle"},
				"east": {"uv": [0, 0, 1, 1], "texture": "#particle"},
				"south": {"uv": [0, 0, 1, 1], "texture": "#particle"},
				"west": {"uv": [0, 0, 1, 1], "texture": "#particle"},
				"up": {"uv": [7, 9, 8, 16], "texture": "#particle"},
				"down": {"uv": [7, 9, 8, 16], "texture": "#particle"}
			}
		},
		{
			"name": "octagon",
			"from": [7.58579, 5.5, -2.51],
			"to": [8.41421, 7.5, 4.49],
			"rotation": {"angle": 0, "axis": "z", "origin": [8, 6.5, 3.5]},
			"faces": {
				"north": {"uv": [0, 0, 1, 1], "texture": "#particle"},
				"east": {"uv": [0, 0, 1, 1], "texture": "#particle"},
				"south": {"uv": [0, 0, 1, 1], "texture": "#particle"},
				"west": {"uv": [0, 0, 1, 1], "texture": "#particle"},
				"up": {"uv": [7, 9, 8, 16], "texture": "#particle"},
				"down": {"uv": [7, 9, 8, 16], "texture": "#particle"}
			}
		},
		{
			"name": "octagon",
			"from": [7, 6.08579, -2.5],
			"to": [9, 6.91421, 4.5],
			"rotation": {"angle": 45, "axis": "z", "origin": [8, 6.5, 3.5]},
			"faces": {
				"north": {"uv": [0, 0, 1, 1], "texture": "#particle"},
				"east": {"uv": [0, 15, 7, 16], "texture": "#particle"},
				"south": {"uv": [0, 0, 1, 1], "texture": "#particle"},
				"west": {"uv": [0, 15, 7, 16], "texture": "#particle"},
				"up": {"uv": [0, 0, 1, 1], "texture": "#particle"},
				"down": {"uv": [0, 0, 1, 1], "texture": "#particle"}
			}
		},
		{
			"name": "octagon",
			"from": [7, 6.08579, -2.51],
			"to": [9, 6.91421, 4.49],
			"rotation": {"angle": 0, "axis": "z", "origin": [8, 6.5, 3.5]},
			"faces": {
				"north": {"uv": [0, 0, 1, 1], "texture": "#particle"},
				"east": {"uv": [0, 15, 7, 16], "texture": "#particle"},
				"south": {"uv": [0, 0, 1, 1], "texture": "#particle"},
				"west": {"uv": [0, 15, 7, 16], "texture": "#particle"},
				"up": {"uv": [0, 0, 1, 1], "texture": "#particle"},
				"down": {"uv": [0, 0, 1, 1], "texture": "#particle"}
			}
		},
		{
			"name": "octagon",
			"from": [7.79289, 6, -8.5],
			"to": [8.20711, 6.3, -2.5],
			"rotation": {"angle": 45, "axis": "z", "origin": [8, 6.5, -3.5]},
			"faces": {
				"north": {"uv": [0, 0, 1, 1], "texture": "#particle"},
				"east": {"uv": [0, 0, 1, 1], "texture": "#particle"},
				"south": {"uv": [0, 0, 1, 1], "texture": "#particle"},
				"west": {"uv": [0, 0, 1, 1], "texture": "#particle"},
				"up": {"uv": [0, 0, 1, 1], "texture": "#particle"},
				"down": {"uv": [1, 0, 2, 6], "texture": "#particle"}
			}
		},
		{
			"name": "octagon",
			"from": [7.79289, 6, -8.51],
			"to": [8.20711, 6.3, -2.51],
			"rotation": {"angle": 0, "axis": "z", "origin": [8, 6.5, -3.5]},
			"faces": {
				"north": {"uv": [0, 0, 1, 1], "texture": "#particle"},
				"east": {"uv": [0, 0, 1, 1], "texture": "#particle"},
				"south": {"uv": [0, 0, 1, 1], "texture": "#particle"},
				"west": {"uv": [0, 0, 1, 1], "texture": "#particle"},
				"up": {"uv": [0, 0, 1, 1], "texture": "#particle"},
				"down": {"uv": [1, 0, 2, 6], "texture": "#particle"}
			}
		},
		{
			"name": "octagon",
			"from": [7.79289, 6.7, -8.5],
			"to": [8.20711, 7, -2.5],
			"rotation": {"angle": 45, "axis": "z", "origin": [8, 6.5, -3.5]},
			"faces": {
				"north": {"uv": [0, 0, 1, 1], "texture": "#particle"},
				"east": {"uv": [0, 0, 1, 1], "texture": "#particle"},
				"south": {"uv": [0, 0, 1, 1], "texture": "#particle"},
				"west": {"uv": [0, 0, 1, 1], "texture": "#particle"},
				"up": {"uv": [1, 0, 2, 6], "texture": "#particle"},
				"down": {"uv": [0, 0, 1, 1], "texture": "#particle"}
			}
		},
		{
			"name": "octagon",
			"from": [7.79289, 6.7, -8.51],
			"to": [8.20711, 7, -2.51],
			"rotation": {"angle": 0, "axis": "z", "origin": [8, 6.5, -3.5]},
			"faces": {
				"north": {"uv": [0, 0, 1, 1], "texture": "#particle"},
				"east": {"uv": [0, 0, 1, 1], "texture": "#particle"},
				"south": {"uv": [0, 0, 1, 1], "texture": "#particle"},
				"west": {"uv": [0, 0, 1, 1], "texture": "#particle"},
				"up": {"uv": [1, 0, 2, 6], "texture": "#particle"},
				"down": {"uv": [0, 0, 1, 1], "texture": "#particle"}
			}
		},
		{
			"name": "octagon",
			"from": [7.5, 6.29289, -8.5],
			"to": [7.8, 6.70711, -2.5],
			"rotation": {"angle": 45, "axis": "z", "origin": [8, 6.5, -3.5]},
			"faces": {
				"north": {"uv": [0, 0, 1, 1], "texture": "#particle"},
				"east": {"uv": [0, 0, 1, 1], "texture": "#particle"},
				"south": {"uv": [0, 0, 1, 1], "texture": "#particle"},
				"west": {"uv": [0, 1, 6, 2], "texture": "#particle"},
				"up": {"uv": [0, 0, 1, 1], "texture": "#particle"},
				"down": {"uv": [0, 0, 1, 1], "texture": "#particle"}
			}
		},
		{
			"name": "octagon",
			"from": [7.5, 6.29289, -8.51],
			"to": [7.8, 6.70711, -2.51],
			"rotation": {"angle": 0, "axis": "z", "origin": [8, 6.5, -3.5]},
			"faces": {
				"north": {"uv": [0, 0, 1, 1], "texture": "#particle"},
				"east": {"uv": [0, 0, 1, 1], "texture": "#particle"},
				"south": {"uv": [0, 0, 1, 1], "texture": "#particle"},
				"west": {"uv": [0, 1, 6, 2], "texture": "#particle"},
				"up": {"uv": [0, 0, 1, 1], "texture": "#particle"},
				"down": {"uv": [0, 0, 1, 1], "texture": "#particle"}
			}
		},
		{
			"name": "octagon",
			"from": [8.2, 6.29289, -8.5],
			"to": [8.5, 6.70711, -2.5],
			"rotation": {"angle": 45, "axis": "z", "origin": [8, 6.5, -3.5]},
			"faces": {
				"north": {"uv": [0, 0, 1, 1], "texture": "#particle"},
				"east": {"uv": [0, 1, 6, 2], "texture": "#particle"},
				"south": {"uv": [0, 0, 1, 1], "texture": "#particle"},
				"west": {"uv": [0, 0, 1, 1], "texture": "#particle"},
				"up": {"uv": [0, 0, 1, 1], "texture": "#particle"},
				"down": {"uv": [0, 0, 1, 1], "texture": "#particle"}
			}
		},
		{
			"name": "octagon",
			"from": [8.2, 6.29289, -8.51],
			"to": [8.5, 6.70711, -2.51],
			"rotation": {"angle": 0, "axis": "z", "origin": [8, 6.5, -3.5]},
			"faces": {
				"north": {"uv": [0, 0, 1, 1], "texture": "#particle"},
				"east": {"uv": [0, 1, 6, 2], "texture": "#particle"},
				"south": {"uv": [0, 0, 1, 1], "texture": "#particle"},
				"west": {"uv": [0, 0, 1, 1], "texture": "#particle"},
				"up": {"uv": [0, 0, 1, 1], "texture": "#particle"},
				"down": {"uv": [0, 0, 1, 1], "texture": "#particle"}
			}
		},
		{
			"from": [7.51, 6.5, -4.5],
			"to": [8.51, 8.25, -4],
			"faces": {
				"north": {"uv": [0, 0, 1, 1.75], "texture": "#particle"},
				"east": {"uv": [0, 0, 0.5, 1.75], "texture": "#particle"},
				"south": {"uv": [0, 0, 1, 1.75], "texture": "#particle"},
				"west": {"uv": [0, 0, 0.5, 1.75], "texture": "#particle"},
				"up": {"uv": [0, 0, 1, 0.5], "texture": "#particle"},
				"down": {"uv": [0, 0, 1, 0.5], "texture": "#particle"}
			}
		},
		{
			"from": [7.51, 6, -3.25],
			"to": [8.51, 7.75, -2.75],
			"rotation": {"angle": -22.5, "axis": "x", "origin": [8, 7.625, -4.25]},
			"faces": {
				"north": {"uv": [0, 0, 1, 1.75], "texture": "#particle"},
				"east": {"uv": [0, 0, 0.5, 1.75], "texture": "#particle"},
				"south": {"uv": [0, 0, 1, 1.75], "texture": "#particle"},
				"west": {"uv": [0, 0, 0.5, 1.75], "texture": "#particle"},
				"up": {"uv": [0, 0, 1, 0.5], "texture": "#particle"},
				"down": {"uv": [0, 0, 1, 0.5], "texture": "#particle"}
			}
		},
		{
			"from": [7.5, 7.96, -4.5],
			"to": [8.5, 8.31, -2.9],
			"faces": {
				"north": {"uv": [0, 0, 1, 0.35], "texture": "#particle"},
				"east": {"uv": [0, 0, 1.6, 0.35], "texture": "#particle"},
				"south": {"uv": [0, 0, 1, 0.35], "texture": "#particle"},
				"west": {"uv": [0, 0, 1.6, 0.35], "texture": "#particle"},
				"up": {"uv": [0, 0, 1, 1.6], "texture": "#particle"},
				"down": {"uv": [0, 0, 1, 1.6], "texture": "#particle"}
			}
		},
		{
			"from": [7.6, 8.2, -4.5],
			"to": [7.85, 8.75, -4],
			"faces": {
				"north": {"uv": [0, 0, 0.25, 0.55], "texture": "#particle"},
				"east": {"uv": [0, 0, 0.5, 0.55], "texture": "#particle"},
				"south": {"uv": [0, 0, 0.25, 0.55], "texture": "#particle"},
				"west": {"uv": [0, 0, 0.5, 0.55], "texture": "#particle"},
				"up": {"uv": [0, 0, 0.25, 0.5], "texture": "#particle"},
				"down": {"uv": [0, 0, 0.25, 0.5], "texture": "#particle"}
			}
		},
		{
			"from": [8.2, 8.25, -4.5],
			"to": [8.4, 8.75, -4],
			"faces": {
				"north": {"uv": [0, 0, 0.2, 0.5], "texture": "#particle"},
				"east": {"uv": [0, 0, 0.5, 0.5], "texture": "#particle"},
				"south": {"uv": [0, 0, 0.2, 0.5], "texture": "#particle"},
				"west": {"uv": [0, 0, 0.5, 0.5], "texture": "#particle"},
				"up": {"uv": [0, 0, 0.2, 0.5], "texture": "#particle"},
				"down": {"uv": [0, 0, 0.2, 0.5], "texture": "#particle"}
			}
		},
		{
			"name": "octagon",
			"from": [7.84467, 6.125, -8.25],
			"to": [8.15533, 6.875, -8.25],
			"rotation": {"angle": 45, "axis": "z", "origin": [8, 6.5, -7.25]},
			"faces": {
				"north": {"uv": [9, 15, 10, 16], "texture": "#particle"},
				"east": {"uv": [9, 15, 10, 16], "texture": "#particle"},
				"south": {"uv": [9, 15, 10, 16], "texture": "#particle"},
				"west": {"uv": [9, 15, 10, 16], "texture": "#particle"},
				"up": {"uv": [9, 15, 10, 16], "texture": "#particle"},
				"down": {"uv": [9, 15, 10, 16], "texture": "#particle"}
			}
		},
		{
			"name": "octagon",
			"from": [7.84467, 6.125, -8.25],
			"to": [8.15533, 6.875, -8.25],
			"rotation": {"angle": 0, "axis": "z", "origin": [8, 6.5, -7.25]},
			"faces": {
				"north": {"uv": [9, 15, 10, 16], "texture": "#particle"},
				"east": {"uv": [9, 15, 10, 16], "texture": "#particle"},
				"south": {"uv": [9, 15, 10, 16], "texture": "#particle"},
				"west": {"uv": [9, 15, 10, 16], "texture": "#particle"},
				"up": {"uv": [9, 15, 10, 16], "texture": "#particle"},
				"down": {"uv": [9, 15, 10, 16], "texture": "#particle"}
			}
		},
		{
			"name": "octagon",
			"from": [7.625, 6.34467, -8.25],
			"to": [8.375, 6.65533, -8.25],
			"rotation": {"angle": 45, "axis": "z", "origin": [8, 6.5, -7.25]},
			"faces": {
				"north": {"uv": [9, 15, 10, 16], "texture": "#particle"},
				"east": {"uv": [9, 15, 10, 16], "texture": "#particle"},
				"south": {"uv": [9, 15, 10, 16], "texture": "#particle"},
				"west": {"uv": [9, 15, 10, 16], "texture": "#particle"},
				"up": {"uv": [9, 15, 10, 16], "texture": "#particle"},
				"down": {"uv": [9, 15, 10, 16], "texture": "#particle"}
			}
		},
		{
			"name": "octagon",
			"from": [7.625, 6.34467, -8.25],
			"to": [8.375, 6.65533, -8.25],
			"rotation": {"angle": 0, "axis": "z", "origin": [8, 6.5, -7.25]},
			"faces": {
				"north": {"uv": [9, 15, 10, 16], "texture": "#particle"},
				"east": {"uv": [9, 15, 10, 16], "texture": "#particle"},
				"south": {"uv": [9, 15, 10, 16], "texture": "#particle"},
				"west": {"uv": [9, 15, 10, 16], "texture": "#particle"},
				"up": {"uv": [9, 15, 10, 16], "texture": "#particle"},
				"down": {"uv": [9, 15, 10, 16], "texture": "#particle"}
			}
		}
	],
	"display": {
		"thirdperson_righthand": {
			"translation": [0, 3, -2]
		},
		"thirdperson_lefthand": {
			"translation": [0, 3, -2]
		},
		"firstperson_righthand": {
			"rotation": [0, -10, 0],
			"translation": [1, 6.5, 1.25]
		},
		"firstperson_lefthand": {
			"rotation": [0, -10, 0],
			"translation": [1, 6.5, 1.25]
		},
		"ground": {
			"rotation": [0, 0, -90],
			"translation": [2.75, -2.75, 0],
			"scale": [0.9, 0.9, 0.9]
		},
		"gui": {
			"rotation": [14, 128, 0],
			"translation": [-1.25, 2, 0]
		},
		"head": {
			"translation": [0, 6.5, -10.5]
		},
		"fixed": {
			"rotation": [0, -90, 0],
			"translation": [0, 1.75, 0.25],
			"scale": [0.95, 0.95, 0.95]
		}
	},
	"groups": [
		{
			"name": "stock3",
			"origin": [0, 0, 0],
			"color": 0,
			"children": [0, 1, 2, 3]
		},
		{
			"name": "stock2",
			"origin": [8, 8, 8],
			"color": 0,
			"children": [4, 5, 6, 7]
		},
		{
			"name": "stock1",
			"origin": [8, 8, 8],
			"color": 7,
			"children": [8, 9, 10, 11]
		},
		{
			"name": "gun base",
			"origin": [0, 0, 0],
			"color": 0,
			"children": [12, 13, 14, 15, 16, 17]
		},
		{
			"name": "round bit connector",
			"origin": [8, 8, 8],
			"color": 7,
			"children": [18, 19, 20, 21]
		},
		{
			"name": "round bit",
			"origin": [8, 8, 8],
			"color": 3,
			"children": [22, 23, 24, 25]
		},
		{
			"name": "barrel",
			"origin": [8, 8, 8],
			"color": 0,
			"children": [26, 27, 28, 29, 30, 31, 32, 33]
		},
		{
			"name": "iron sight",
			"origin": [0, 0, 0],
			"color": 0,
			"children": [34, 35, 36, 37, 38]
		},
		{
			"name": "hole",
			"origin": [8, 8, 8],
			"color": 0,
			"children": [39, 40, 41, 42]
		}
	]
}