{
	"credit": "Made with Blockbench",
	"textures": {
		"1": "modern_guns:item/spas_12",
		"particle": "modern_guns:item/spas_12"
	},
	"elements": [
		{
			"name": "octagon",
			"from": [7.65, 4.98579, 14.5],
			"to": [8.35, 5.81421, 14.75],
			"rotation": {"angle": 45, "axis": "x", "origin": [8, 5.4, 15.5]},
			"faces": {
				"north": {"uv": [0, 0, 0.7, 0.82843], "texture": "#1"},
				"east": {"uv": [0, 0, 0.25, 0.82843], "texture": "#1"},
				"south": {"uv": [0, 0, 0.7, 0.82843], "texture": "#1"},
				"west": {"uv": [0, 0, 0.25, 0.82843], "texture": "#1"},
				"up": {"uv": [0, 0, 0.7, 0.25], "texture": "#1"},
				"down": {"uv": [0, 0, 0.7, 0.25], "texture": "#1"}
			}
		},
		{
			"name": "octagon",
			"from": [7.65, 4.98579, 14.5],
			"to": [8.35, 5.81421, 14.75],
			"rotation": {"angle": 0, "axis": "x", "origin": [8, 5.4, 15.5]},
			"faces": {
				"north": {"uv": [0, 0, 0.7, 0.82843], "texture": "#1"},
				"east": {"uv": [0, 0, 0.25, 0.82843], "texture": "#1"},
				"south": {"uv": [0, 0, 0.7, 0.82843], "texture": "#1"},
				"west": {"uv": [0, 0, 0.25, 0.82843], "texture": "#1"},
				"up": {"uv": [0, 0, 0.7, 0.25], "texture": "#1"},
				"down": {"uv": [0, 0, 0.7, 0.25], "texture": "#1"}
			}
		},
		{
			"name": "octagon",
			"from": [7.65, 4.98579, 16.25],
			"to": [8.35, 5.81421, 16.5],
			"rotation": {"angle": 45, "axis": "x", "origin": [8, 5.4, 15.5]},
			"faces": {
				"north": {"uv": [0, 0, 0.7, 0.82843], "texture": "#1"},
				"east": {"uv": [0, 0, 0.25, 0.82843], "texture": "#1"},
				"south": {"uv": [0, 0, 0.7, 0.82843], "texture": "#1"},
				"west": {"uv": [0, 0, 0.25, 0.82843], "texture": "#1"},
				"up": {"uv": [0, 0, 0.7, 0.25], "texture": "#1"},
				"down": {"uv": [0, 0, 0.7, 0.25], "texture": "#1"}
			}
		},
		{
			"name": "octagon",
			"from": [7.65, 4.98579, 16.25],
			"to": [8.35, 5.81421, 16.5],
			"rotation": {"angle": 0, "axis": "x", "origin": [8, 5.4, 15.5]},
			"faces": {
				"north": {"uv": [0, 0, 0.7, 0.82843], "texture": "#1"},
				"east": {"uv": [0, 0, 0.25, 0.82843], "texture": "#1"},
				"south": {"uv": [0, 0, 0.7, 0.82843], "texture": "#1"},
				"west": {"uv": [0, 0, 0.25, 0.82843], "texture": "#1"},
				"up": {"uv": [0, 0, 0.7, 0.25], "texture": "#1"},
				"down": {"uv": [0, 0, 0.7, 0.25], "texture": "#1"}
			}
		},
		{
			"name": "octagon",
			"from": [7.65, 4.4, 15.08579],
			"to": [8.35, 4.65, 15.91421],
			"rotation": {"angle": 45, "axis": "x", "origin": [8, 5.4, 15.5]},
			"faces": {
				"north": {"uv": [0, 0, 0.7, 0.25], "texture": "#1"},
				"east": {"uv": [0, 0, 0.82843, 0.25], "texture": "#1"},
				"south": {"uv": [0, 0, 0.7, 0.25], "texture": "#1"},
				"west": {"uv": [0, 0, 0.82843, 0.25], "texture": "#1"},
				"up": {"uv": [0, 0, 0.7, 0.82843], "texture": "#1"},
				"down": {"uv": [0, 0, 0.7, 0.82843], "texture": "#1"}
			}
		},
		{
			"name": "octagon",
			"from": [7.65, 4.4, 15.08579],
			"to": [8.35, 4.65, 15.91421],
			"rotation": {"angle": 0, "axis": "x", "origin": [8, 5.4, 15.5]},
			"faces": {
				"north": {"uv": [0, 0, 0.7, 0.25], "texture": "#1"},
				"east": {"uv": [0, 0, 0.82843, 0.25], "texture": "#1"},
				"south": {"uv": [0, 0, 0.7, 0.25], "texture": "#1"},
				"west": {"uv": [0, 0, 0.82843, 0.25], "texture": "#1"},
				"up": {"uv": [0, 0, 0.7, 0.82843], "texture": "#1"},
				"down": {"uv": [0, 0, 0.7, 0.82843], "texture": "#1"}
			}
		},
		{
			"name": "octagon",
			"from": [7.65, 6.15, 15.08579],
			"to": [8.35, 6.4, 15.91421],
			"rotation": {"angle": 45, "axis": "x", "origin": [8, 5.4, 15.5]},
			"faces": {
				"north": {"uv": [0, 0, 0.7, 0.25], "texture": "#1"},
				"east": {"uv": [0, 0, 0.82843, 0.25], "texture": "#1"},
				"south": {"uv": [0, 0, 0.7, 0.25], "texture": "#1"},
				"west": {"uv": [0, 0, 0.82843, 0.25], "texture": "#1"},
				"up": {"uv": [0, 0, 0.7, 0.82843], "texture": "#1"},
				"down": {"uv": [0, 0, 0.7, 0.82843], "texture": "#1"}
			}
		},
		{
			"name": "octagon",
			"from": [7.65, 6.15, 15.08579],
			"to": [8.35, 6.4, 15.91421],
			"rotation": {"angle": 0, "axis": "x", "origin": [8, 5.4, 15.5]},
			"faces": {
				"north": {"uv": [0, 0, 0.7, 0.25], "texture": "#1"},
				"east": {"uv": [0, 0, 0.82843, 0.25], "texture": "#1"},
				"south": {"uv": [0, 0, 0.7, 0.25], "texture": "#1"},
				"west": {"uv": [0, 0, 0.82843, 0.25], "texture": "#1"},
				"up": {"uv": [0, 0, 0.7, 0.82843], "texture": "#1"},
				"down": {"uv": [0, 0, 0.7, 0.82843], "texture": "#1"}
			}
		},
		{
			"from": [7.85, 5, 15.5],
			"to": [8.15, 6, 16.25],
			"rotation": {"angle": 0, "axis": "y", "origin": [7, 4, 14]},
			"faces": {
				"north": {"uv": [0, 0, 0.3, 1], "texture": "#1"},
				"east": {"uv": [0, 0, 0.75, 1], "texture": "#1"},
				"south": {"uv": [0, 0, 0.3, 1], "texture": "#1"},
				"west": {"uv": [0, 0, 0.75, 1], "texture": "#1"},
				"up": {"uv": [0, 0, 0.3, 0.75], "texture": "#1"},
				"down": {"uv": [0, 0, 0.3, 0.75], "texture": "#1"}
			}
		},
		{
			"from": [7.351, 2.5, 16],
			"to": [8.649, 6.5, 18],
			"rotation": {"angle": -22.5, "axis": "x", "origin": [8, 5.5, 17]},
			"faces": {
				"north": {"uv": [0, 0, 1.3, 4], "texture": "#1"},
				"east": {"uv": [0, 0, 2, 4], "texture": "#1"},
				"south": {"uv": [0, 0, 1.3, 4], "texture": "#1"},
				"west": {"uv": [0, 0, 2, 4], "texture": "#1"},
				"up": {"uv": [0, 0, 1.3, 2], "texture": "#1"},
				"down": {"uv": [0, 0, 1.3, 2], "texture": "#1"}
			}
		},
		{
			"from": [7.35, 6, 12.5],
			"to": [8.65, 8, 18.75],
			"rotation": {"angle": 0, "axis": "y", "origin": [7, 6, 14]},
			"faces": {
				"north": {"uv": [0, 0, 1.3, 2], "texture": "#1"},
				"east": {"uv": [0, 0, 6.25, 2], "texture": "#1"},
				"south": {"uv": [0, 0, 1.3, 2], "texture": "#1"},
				"west": {"uv": [0, 0, 6.25, 2], "texture": "#1"},
				"up": {"uv": [0, 0, 1.3, 6.25], "texture": "#1"},
				"down": {"uv": [0, 0, 1.3, 6.25], "texture": "#1"}
			}
		},
		{
			"from": [7.25, 5.9, 3.5],
			"to": [8.75, 8.1, 12.5],
			"rotation": {"angle": 0, "axis": "y", "origin": [7, 6, 14]},
			"faces": {
				"north": {"uv": [14.5, 13.8, 16, 16], "texture": "#1"},
				"east": {"uv": [14, 13.8, 5, 16], "texture": "#1"},
				"south": {"uv": [14.5, 13.8, 16, 16], "texture": "#1"},
				"west": {"uv": [5, 13.8, 14, 16], "texture": "#1"},
				"up": {"uv": [14.5, 7, 16, 16], "texture": "#1"},
				"down": {"uv": [14.5, 7, 16, 16], "texture": "#1"}
			}
		},
		{
			"from": [7, 5.65, 3.75],
			"to": [9, 7.6, 10.5],
			"rotation": {"angle": 0, "axis": "y", "origin": [7, 6, 14]},
			"faces": {
				"north": {"uv": [10, 9, 12, 10.95], "texture": "#1"},
				"east": {"uv": [6, 10, 12.75, 11.95], "texture": "#1"},
				"south": {"uv": [10, 9, 12, 10.95], "texture": "#1"},
				"west": {"uv": [6, 10, 12.75, 11.95], "texture": "#1"},
				"up": {"uv": [10.1, 2.95, 12.1, 9.7], "texture": "#1"},
				"down": {"uv": [10, 3.25, 12, 10], "texture": "#1"}
			}
		},
		{
			"from": [7.7, 8, 10.75],
			"to": [8.3, 8.35, 11.75],
			"rotation": {"angle": 0, "axis": "y", "origin": [7, 6, 14]},
			"faces": {
				"north": {"uv": [0, 0, 0.6, 0.35], "texture": "#1"},
				"east": {"uv": [0, 0, 1, 0.35], "texture": "#1"},
				"south": {"uv": [0, 0, 0.6, 0.35], "texture": "#1"},
				"west": {"uv": [0, 0, 1, 0.35], "texture": "#1"},
				"up": {"uv": [0, 0, 0.6, 1], "texture": "#1"},
				"down": {"uv": [0, 0, 0.6, 1], "texture": "#1"}
			}
		},
		{
			"from": [7.7, 8.35, 11.15],
			"to": [8.3, 8.45, 11.65],
			"rotation": {"angle": 0, "axis": "y", "origin": [7, 6, 14]},
			"faces": {
				"north": {"uv": [0, 0, 0.6, 0.1], "texture": "#1"},
				"east": {"uv": [0, 0, 0.5, 0.1], "texture": "#1"},
				"south": {"uv": [0, 0, 0.6, 0.1], "texture": "#1"},
				"west": {"uv": [0, 0, 0.5, 0.1], "texture": "#1"},
				"up": {"uv": [0, 0, 0.6, 0.5], "texture": "#1"},
				"down": {"uv": [0, 0, 0.6, 0.5], "texture": "#1"}
			}
		},
		{
			"from": [7.7, 7.9, -1.5],
			"to": [8.3, 8.25, -0.5],
			"rotation": {"angle": 0, "axis": "y", "origin": [7, 5.9, 1.75]},
			"faces": {
				"north": {"uv": [0, 0, 0.6, 0.35], "texture": "#1"},
				"east": {"uv": [0, 0, 1, 0.35], "texture": "#1"},
				"south": {"uv": [0, 0, 0.6, 0.35], "texture": "#1"},
				"west": {"uv": [0, 0, 1, 0.35], "texture": "#1"},
				"up": {"uv": [0, 0, 0.6, 1], "texture": "#1"},
				"down": {"uv": [0, 0, 0.6, 1], "texture": "#1"}
			}
		},
		{
			"name": "octagon",
			"from": [7.79289, 7, -3],
			"to": [8.20711, 7.25, 3.5],
			"rotation": {"angle": 45, "axis": "z", "origin": [8, 7.5, 1.5]},
			"faces": {
				"north": {"uv": [0, 0, 0.41421, 0.25], "texture": "#1"},
				"east": {"uv": [0, 0, 6.5, 0.25], "texture": "#1"},
				"south": {"uv": [0, 0, 0.41421, 0.25], "texture": "#1"},
				"west": {"uv": [0, 0, 6.5, 0.25], "texture": "#1"},
				"up": {"uv": [0, 0, 0.41421, 6.5], "texture": "#1"},
				"down": {"uv": [0, 0, 0.41421, 6.5], "texture": "#1"}
			}
		},
		{
			"name": "octagon",
			"from": [7.79289, 7, -3],
			"to": [8.20711, 7.25, 3.5],
			"rotation": {"angle": 0, "axis": "y", "origin": [8, 7.5, 1.5]},
			"faces": {
				"north": {"uv": [0, 0, 0.41421, 0.25], "texture": "#1"},
				"east": {"uv": [0, 0, 6.5, 0.25], "texture": "#1"},
				"south": {"uv": [0, 0, 0.41421, 0.25], "texture": "#1"},
				"west": {"uv": [0, 0, 6.5, 0.25], "texture": "#1"},
				"up": {"uv": [0, 0, 0.41421, 6.5], "texture": "#1"},
				"down": {"uv": [0, 0, 0.41421, 6.5], "texture": "#1"}
			}
		},
		{
			"name": "octagon",
			"from": [7.79289, 7.75, -3],
			"to": [8.20711, 8, 3.5],
			"rotation": {"angle": 45, "axis": "z", "origin": [8, 7.5, 1.5]},
			"faces": {
				"north": {"uv": [0, 0, 0.41421, 0.25], "texture": "#1"},
				"east": {"uv": [0, 0, 6.5, 0.25], "texture": "#1"},
				"south": {"uv": [0, 0, 0.41421, 0.25], "texture": "#1"},
				"west": {"uv": [0, 0, 6.5, 0.25], "texture": "#1"},
				"up": {"uv": [0, 0, 0.41421, 6.5], "texture": "#1"},
				"down": {"uv": [0, 0, 0.41421, 6.5], "texture": "#1"}
			}
		},
		{
			"name": "octagon",
			"from": [7.79289, 7.75, -3],
			"to": [8.20711, 8, 3.5],
			"rotation": {"angle": 0, "axis": "y", "origin": [8, 7.5, 1.5]},
			"faces": {
				"north": {"uv": [0, 0, 0.41421, 0.25], "texture": "#1"},
				"east": {"uv": [0, 0, 6.5, 0.25], "texture": "#1"},
				"south": {"uv": [0, 0, 0.41421, 0.25], "texture": "#1"},
				"west": {"uv": [0, 0, 6.5, 0.25], "texture": "#1"},
				"up": {"uv": [0, 0, 0.41421, 6.5], "texture": "#1"},
				"down": {"uv": [0, 0, 0.41421, 6.5], "texture": "#1"}
			}
		},
		{
			"name": "octagon",
			"from": [7.5, 7.29289, -3],
			"to": [7.75, 7.70711, 3.5],
			"rotation": {"angle": 45, "axis": "z", "origin": [8, 7.5, 1.5]},
			"faces": {
				"north": {"uv": [0, 0, 0.25, 0.41421], "texture": "#1"},
				"east": {"uv": [0, 0, 6.5, 0.41421], "texture": "#1"},
				"south": {"uv": [0, 0, 0.25, 0.41421], "texture": "#1"},
				"west": {"uv": [0, 0, 6.5, 0.41421], "texture": "#1"},
				"up": {"uv": [0, 0, 0.25, 6.5], "texture": "#1"},
				"down": {"uv": [0, 0, 0.25, 6.5], "texture": "#1"}
			}
		},
		{
			"name": "octagon",
			"from": [7.5, 7.29289, -3],
			"to": [7.75, 7.70711, 3.5],
			"rotation": {"angle": 0, "axis": "y", "origin": [8, 7.5, 1.5]},
			"faces": {
				"north": {"uv": [0, 0, 0.25, 0.41421], "texture": "#1"},
				"east": {"uv": [0, 0, 6.5, 0.41421], "texture": "#1"},
				"south": {"uv": [0, 0, 0.25, 0.41421], "texture": "#1"},
				"west": {"uv": [0, 0, 6.5, 0.41421], "texture": "#1"},
				"up": {"uv": [0, 0, 0.25, 6.5], "texture": "#1"},
				"down": {"uv": [0, 0, 0.25, 6.5], "texture": "#1"}
			}
		},
		{
			"name": "octagon",
			"from": [8.25, 7.29289, -3],
			"to": [8.5, 7.70711, 3.5],
			"rotation": {"angle": 45, "axis": "z", "origin": [8, 7.5, 1.5]},
			"faces": {
				"north": {"uv": [0, 0, 0.25, 0.41421], "texture": "#1"},
				"east": {"uv": [0, 0, 6.5, 0.41421], "texture": "#1"},
				"south": {"uv": [0, 0, 0.25, 0.41421], "texture": "#1"},
				"west": {"uv": [0, 0, 6.5, 0.41421], "texture": "#1"},
				"up": {"uv": [0, 0, 0.25, 6.5], "texture": "#1"},
				"down": {"uv": [0, 0, 0.25, 6.5], "texture": "#1"}
			}
		},
		{
			"name": "octagon",
			"from": [8.25, 7.29289, -3],
			"to": [8.5, 7.70711, 3.5],
			"rotation": {"angle": 0, "axis": "y", "origin": [8, 7.5, 1.5]},
			"faces": {
				"north": {"uv": [0, 0, 0.25, 0.41421], "texture": "#1"},
				"east": {"uv": [0, 0, 6.5, 0.41421], "texture": "#1"},
				"south": {"uv": [0, 0, 0.25, 0.41421], "texture": "#1"},
				"west": {"uv": [0, 0, 6.5, 0.41421], "texture": "#1"},
				"up": {"uv": [0, 0, 0.25, 6.5], "texture": "#1"},
				"down": {"uv": [0, 0, 0.25, 6.5], "texture": "#1"}
			}
		},
		{
			"name": "octagon",
			"from": [7.79289, 6, -3],
			"to": [8.20711, 6.25, 3.5],
			"rotation": {"angle": 45, "axis": "z", "origin": [8, 6.5, 1.5]},
			"faces": {
				"north": {"uv": [0, 0, 0.41421, 0.25], "texture": "#1"},
				"east": {"uv": [0, 0, 6.5, 0.25], "texture": "#1"},
				"south": {"uv": [0, 0, 0.41421, 0.25], "texture": "#1"},
				"west": {"uv": [0, 0, 6.5, 0.25], "texture": "#1"},
				"up": {"uv": [0, 0, 0.41421, 6.5], "texture": "#1"},
				"down": {"uv": [0, 0, 0.41421, 6.5], "texture": "#1"}
			}
		},
		{
			"name": "octagon",
			"from": [7.79289, 6, -3],
			"to": [8.20711, 6.25, 3.5],
			"rotation": {"angle": 0, "axis": "z", "origin": [8, 6.5, 1.5]},
			"faces": {
				"north": {"uv": [0, 0, 0.41421, 0.25], "texture": "#1"},
				"east": {"uv": [0, 0, 6.5, 0.25], "texture": "#1"},
				"south": {"uv": [0, 0, 0.41421, 0.25], "texture": "#1"},
				"west": {"uv": [0, 0, 6.5, 0.25], "texture": "#1"},
				"up": {"uv": [0, 0, 0.41421, 6.5], "texture": "#1"},
				"down": {"uv": [0, 0, 0.41421, 6.5], "texture": "#1"}
			}
		},
		{
			"name": "octagon",
			"from": [7.79289, 6.75, -3],
			"to": [8.20711, 7, 3.5],
			"rotation": {"angle": 45, "axis": "z", "origin": [8, 6.5, 1.5]},
			"faces": {
				"north": {"uv": [0, 0, 0.41421, 0.25], "texture": "#1"},
				"east": {"uv": [0, 0, 6.5, 0.25], "texture": "#1"},
				"south": {"uv": [0, 0, 0.41421, 0.25], "texture": "#1"},
				"west": {"uv": [0, 0, 6.5, 0.25], "texture": "#1"},
				"up": {"uv": [0, 0, 0.41421, 6.5], "texture": "#1"},
				"down": {"uv": [0, 0, 0.41421, 6.5], "texture": "#1"}
			}
		},
		{
			"name": "octagon",
			"from": [7.79289, 6.75, -3],
			"to": [8.20711, 7, 3.5],
			"rotation": {"angle": 0, "axis": "z", "origin": [8, 6.5, 1.5]},
			"faces": {
				"north": {"uv": [0, 0, 0.41421, 0.25], "texture": "#1"},
				"east": {"uv": [0, 0, 6.5, 0.25], "texture": "#1"},
				"south": {"uv": [0, 0, 0.41421, 0.25], "texture": "#1"},
				"west": {"uv": [0, 0, 6.5, 0.25], "texture": "#1"},
				"up": {"uv": [0, 0, 0.41421, 6.5], "texture": "#1"},
				"down": {"uv": [0, 0, 0.41421, 6.5], "texture": "#1"}
			}
		},
		{
			"name": "octagon",
			"from": [7.5, 6.29289, -3],
			"to": [7.75, 6.70711, 3.5],
			"rotation": {"angle": 45, "axis": "z", "origin": [8, 6.5, 1.5]},
			"faces": {
				"north": {"uv": [0, 0, 0.25, 0.41421], "texture": "#1"},
				"east": {"uv": [0, 0, 6.5, 0.41421], "texture": "#1"},
				"south": {"uv": [0, 0, 0.25, 0.41421], "texture": "#1"},
				"west": {"uv": [0, 0, 6.5, 0.41421], "texture": "#1"},
				"up": {"uv": [0, 0, 0.25, 6.5], "texture": "#1"},
				"down": {"uv": [0, 0, 0.25, 6.5], "texture": "#1"}
			}
		},
		{
			"name": "octagon",
			"from": [7.5, 6.29289, -3],
			"to": [7.75, 6.70711, 3.5],
			"rotation": {"angle": 0, "axis": "z", "origin": [8, 6.5, 1.5]},
			"faces": {
				"north": {"uv": [0, 0, 0.25, 0.41421], "texture": "#1"},
				"east": {"uv": [0, 0, 6.5, 0.41421], "texture": "#1"},
				"south": {"uv": [0, 0, 0.25, 0.41421], "texture": "#1"},
				"west": {"uv": [0, 0, 6.5, 0.41421], "texture": "#1"},
				"up": {"uv": [0, 0, 0.25, 6.5], "texture": "#1"},
				"down": {"uv": [0, 0, 0.25, 6.5], "texture": "#1"}
			}
		},
		{
			"name": "octagon",
			"from": [8.25, 6.29289, -3],
			"to": [8.5, 6.70711, 3.5],
			"rotation": {"angle": 45, "axis": "z", "origin": [8, 6.5, 1.5]},
			"faces": {
				"north": {"uv": [0, 0, 0.25, 0.41421], "texture": "#1"},
				"east": {"uv": [0, 0, 6.5, 0.41421], "texture": "#1"},
				"south": {"uv": [0, 0, 0.25, 0.41421], "texture": "#1"},
				"west": {"uv": [0, 0, 6.5, 0.41421], "texture": "#1"},
				"up": {"uv": [0, 0, 0.25, 6.5], "texture": "#1"},
				"down": {"uv": [0, 0, 0.25, 6.5], "texture": "#1"}
			}
		},
		{
			"name": "octagon",
			"from": [8.25, 6.29289, -3],
			"to": [8.5, 6.70711, 3.5],
			"rotation": {"angle": 0, "axis": "z", "origin": [8, 6.5, 1.5]},
			"faces": {
				"north": {"uv": [0, 0, 0.25, 0.41421], "texture": "#1"},
				"east": {"uv": [0, 0, 6.5, 0.41421], "texture": "#1"},
				"south": {"uv": [0, 0, 0.25, 0.41421], "texture": "#1"},
				"west": {"uv": [0, 0, 6.5, 0.41421], "texture": "#1"},
				"up": {"uv": [0, 0, 0.25, 6.5], "texture": "#1"},
				"down": {"uv": [0, 0, 0.25, 6.5], "texture": "#1"}
			}
		},
		{
			"name": "octagon",
			"from": [7.76183, 5.925, 2],
			"to": [8.23817, 7.075, 3.5],
			"rotation": {"angle": 45, "axis": "z", "origin": [8, 6.5, 1.5]},
			"faces": {
				"north": {"uv": [0, 0, 0.47635, 1.15], "texture": "#1"},
				"east": {"uv": [0, 0, 1.5, 1.15], "texture": "#1"},
				"south": {"uv": [0, 0, 0.47635, 1.15], "texture": "#1"},
				"west": {"uv": [0, 0, 1.5, 1.15], "texture": "#1"},
				"up": {"uv": [0, 0, 0.47635, 1.5], "texture": "#1"},
				"down": {"uv": [0, 0, 0.47635, 1.5], "texture": "#1"}
			}
		},
		{
			"name": "octagon",
			"from": [7.76183, 5.925, 2],
			"to": [8.23817, 7.075, 3.5],
			"rotation": {"angle": 0, "axis": "y", "origin": [8, 6.5, 1.5]},
			"faces": {
				"north": {"uv": [0, 0, 0.47635, 1.15], "texture": "#1"},
				"east": {"uv": [0, 0, 1.5, 1.15], "texture": "#1"},
				"south": {"uv": [0, 0, 0.47635, 1.15], "texture": "#1"},
				"west": {"uv": [0, 0, 1.5, 1.15], "texture": "#1"},
				"up": {"uv": [0, 0, 0.47635, 1.5], "texture": "#1"},
				"down": {"uv": [0, 0, 0.47635, 1.5], "texture": "#1"}
			}
		},
		{
			"name": "octagon",
			"from": [7.425, 6.26183, 2],
			"to": [8.575, 6.73817, 3.5],
			"rotation": {"angle": 45, "axis": "z", "origin": [8, 6.5, 1.5]},
			"faces": {
				"north": {"uv": [0, 0, 1.15, 0.47635], "texture": "#1"},
				"east": {"uv": [0, 0, 1.5, 0.47635], "texture": "#1"},
				"south": {"uv": [0, 0, 1.15, 0.47635], "texture": "#1"},
				"west": {"uv": [0, 0, 1.5, 0.47635], "texture": "#1"},
				"up": {"uv": [0, 0, 1.15, 1.5], "texture": "#1"},
				"down": {"uv": [0, 0, 1.15, 1.5], "texture": "#1"}
			}
		},
		{
			"name": "octagon",
			"from": [7.425, 6.26183, 2],
			"to": [8.575, 6.73817, 3.5],
			"rotation": {"angle": 0, "axis": "y", "origin": [8, 6.5, 1.5]},
			"faces": {
				"north": {"uv": [0, 0, 1.15, 0.47635], "texture": "#1"},
				"east": {"uv": [0, 0, 1.5, 0.47635], "texture": "#1"},
				"south": {"uv": [0, 0, 1.15, 0.47635], "texture": "#1"},
				"west": {"uv": [0, 0, 1.5, 0.47635], "texture": "#1"},
				"up": {"uv": [0, 0, 1.15, 1.5], "texture": "#1"},
				"down": {"uv": [0, 0, 1.15, 1.5], "texture": "#1"}
			}
		},
		{
			"name": "octagon",
			"from": [7.76183, 6.925, -3.75],
			"to": [8.23817, 8.075, -2.25],
			"rotation": {"angle": 45, "axis": "z", "origin": [8, 7.5, -4.25]},
			"faces": {
				"north": {"uv": [0, 0, 0.47635, 1.15], "texture": "#1"},
				"east": {"uv": [0, 0, 1.5, 1.15], "texture": "#1"},
				"south": {"uv": [0, 0, 0.47635, 1.15], "texture": "#1"},
				"west": {"uv": [0, 0, 1.5, 1.15], "texture": "#1"},
				"up": {"uv": [0, 0, 0.47635, 1.5], "texture": "#1"},
				"down": {"uv": [0, 0, 0.47635, 1.5], "texture": "#1"}
			}
		},
		{
			"name": "octagon",
			"from": [7.76183, 6.925, -3.75],
			"to": [8.23817, 8.075, -2.25],
			"rotation": {"angle": 0, "axis": "z", "origin": [8, 7.5, -4.25]},
			"faces": {
				"north": {"uv": [0, 0, 0.47635, 1.15], "texture": "#1"},
				"east": {"uv": [0, 0, 1.5, 1.15], "texture": "#1"},
				"south": {"uv": [0, 0, 0.47635, 1.15], "texture": "#1"},
				"west": {"uv": [0, 0, 1.5, 1.15], "texture": "#1"},
				"up": {"uv": [0, 0, 0.47635, 1.5], "texture": "#1"},
				"down": {"uv": [0, 0, 0.47635, 1.5], "texture": "#1"}
			}
		},
		{
			"name": "octagon",
			"from": [7.425, 7.26183, -3.75],
			"to": [8.575, 7.73817, -2.25],
			"rotation": {"angle": 45, "axis": "z", "origin": [8, 7.5, -4.25]},
			"faces": {
				"north": {"uv": [0, 0, 1.15, 0.47635], "texture": "#1"},
				"east": {"uv": [0, 0, 1.5, 0.47635], "texture": "#1"},
				"south": {"uv": [0, 0, 1.15, 0.47635], "texture": "#1"},
				"west": {"uv": [0, 0, 1.5, 0.47635], "texture": "#1"},
				"up": {"uv": [0, 0, 1.15, 1.5], "texture": "#1"},
				"down": {"uv": [0, 0, 1.15, 1.5], "texture": "#1"}
			}
		},
		{
			"name": "octagon",
			"from": [7.425, 7.26183, -3.75],
			"to": [8.575, 7.73817, -2.25],
			"rotation": {"angle": 0, "axis": "z", "origin": [8, 7.5, -4.25]},
			"faces": {
				"north": {"uv": [0, 0, 1.15, 0.47635], "texture": "#1"},
				"east": {"uv": [0, 0, 1.5, 0.47635], "texture": "#1"},
				"south": {"uv": [0, 0, 1.15, 0.47635], "texture": "#1"},
				"west": {"uv": [0, 0, 1.5, 0.47635], "texture": "#1"},
				"up": {"uv": [0, 0, 1.15, 1.5], "texture": "#1"},
				"down": {"uv": [0, 0, 1.15, 1.5], "texture": "#1"}
			}
		},
		{
			"name": "octagon",
			"from": [7.8136, 6.05, -2.7],
			"to": [8.1864, 6.95, -2.7],
			"rotation": {"angle": 45, "axis": "z", "origin": [8, 6.5, -0.7]},
			"faces": {
				"north": {"uv": [4, 4, 4.37279, 4.9], "texture": "#1"},
				"east": {"uv": [4, 4, 4, 4.9], "texture": "#1"},
				"south": {"uv": [4, 4, 4.37279, 4.9], "texture": "#1"},
				"west": {"uv": [4, 4, 4, 4.9], "texture": "#1"},
				"up": {"uv": [4, 4, 4.37279, 4], "texture": "#1"},
				"down": {"uv": [4, 4, 4.37279, 4], "texture": "#1"}
			}
		},
		{
			"name": "octagon",
			"from": [7.8136, 6.05, -2.7],
			"to": [8.1864, 6.95, -2.7],
			"rotation": {"angle": 0, "axis": "z", "origin": [8, 6.5, -0.7]},
			"faces": {
				"north": {"uv": [4, 4, 4.37279, 4.9], "texture": "#1"},
				"east": {"uv": [4, 4, 4, 4.9], "texture": "#1"},
				"south": {"uv": [4, 4, 4.37279, 4.9], "texture": "#1"},
				"west": {"uv": [4, 4, 4, 4.9], "texture": "#1"},
				"up": {"uv": [4, 4, 4.37279, 4], "texture": "#1"},
				"down": {"uv": [4, 4, 4.37279, 4], "texture": "#1"}
			}
		},
		{
			"name": "octagon",
			"from": [7.55, 6.3136, -2.7],
			"to": [8.45, 6.6864, -2.7],
			"rotation": {"angle": 45, "axis": "z", "origin": [8, 6.5, -0.7]},
			"faces": {
				"north": {"uv": [4, 4, 4.9, 4.37279], "texture": "#1"},
				"east": {"uv": [4, 4, 4, 4.37279], "texture": "#1"},
				"south": {"uv": [4, 4, 4.9, 4.37279], "texture": "#1"},
				"west": {"uv": [4, 4, 4, 4.37279], "texture": "#1"},
				"up": {"uv": [4, 4, 4.9, 4], "texture": "#1"},
				"down": {"uv": [4, 4, 4.9, 4], "texture": "#1"}
			}
		},
		{
			"name": "octagon",
			"from": [7.55, 6.3136, -2.7],
			"to": [8.45, 6.6864, -2.7],
			"rotation": {"angle": 0, "axis": "z", "origin": [8, 6.5, -0.7]},
			"faces": {
				"north": {"uv": [4, 4, 4.9, 4.37279], "texture": "#1"},
				"east": {"uv": [4, 4, 4, 4.37279], "texture": "#1"},
				"south": {"uv": [4, 4, 4.9, 4.37279], "texture": "#1"},
				"west": {"uv": [4, 4, 4, 4.37279], "texture": "#1"},
				"up": {"uv": [4, 4, 4.9, 4], "texture": "#1"},
				"down": {"uv": [4, 4, 4.9, 4], "texture": "#1"}
			}
		}
	],
	"display": {
		"thirdperson_righthand": {
			"translation": [0, 2.25, -8],
			"scale": [1.1, 1.1, 1.1]
		},
		"thirdperson_lefthand": {
			"translation": [0, 2.25, -8],
			"scale": [1.1, 1.1, 1.1]
		},
		"firstperson_righthand": {
			"rotation": [0, -15, 0],
			"translation": [11.25, 2.5, 1]
		},
		"firstperson_lefthand": {
			"rotation": [0, -15, 0],
			"translation": [11.25, 2.5, 1]
		},
		"ground": {
			"rotation": [0, 0, -90],
			"translation": [1.25, -1, -0.5],
			"scale": [0.8, 0.8, 0.8]
		},
		"gui": {
			"rotation": [26, 114, 0],
			"translation": [0.25, 0, 0],
			"scale": [1.1, 1.1, 1.1]
		},
		"head": {
			"translation": [10, 10, -8.75],
			"scale": [1.72, 4, 1.36]
		},
		"fixed": {
			"rotation": [0, -90, 0],
			"translation": [0.5, 1.25, 0],
			"scale": [1.25, 1.25, 1.25]
		}
	},
	"groups": [
		{
			"name": "Handle",
			"origin": [8, 5.5, 17],
			"color": 0,
			"children": [
				{
					"name": "octagon",
					"origin": [8, 8, 8],
					"color": 5,
					"children": [0, 1, 2, 3, 4, 5, 6, 7]
				},
				8,
				9
			]
		},
		{
			"name": "Base",
			"origin": [7, 6, 14],
			"color": 0,
			"children": [10, 11, 12, 13, 14]
		},
		{
			"name": "Barrel",
			"origin": [7, 6, 14],
			"color": 0,
			"children": [
				15,
				{
					"name": "octagon",
					"origin": [8, 8, 8],
					"color": 5,
					"children": [16, 17, 18, 19, 20, 21, 22, 23]
				},
				{
					"name": "octagon",
					"origin": [8, 8, 8],
					"color": 5,
					"children": [24, 25, 26, 27, 28, 29, 30, 31]
				},
				{
					"name": "octagon",
					"origin": [8, 8, 8],
					"color": 5,
					"children": [32, 33, 34, 35]
				},
				{
					"name": "octagon",
					"origin": [8, 8, 8],
					"color": 5,
					"children": [36, 37, 38, 39]
				},
				{
					"name": "octagon",
					"origin": [8, 8, 8],
					"color": 3,
					"children": [40, 41, 42, 43]
				}
			]
		}
	]
}