{
	"credit": "Made with Blockbench",
	"textures": {
		"0": "modern_guns:item/winchester_model_70"
	},
	"elements": [
		{
			"from": [7.02, 4.8, 15.3],
			"to": [9.02, 6.8, 17.3],
			"rotation": {"angle": 22.5, "axis": "x", "origin": [8, 5.8, 8.3]},
			"faces": {
				"north": {"uv": [0, 0, 2, 2], "texture": "#0"},
				"east": {"uv": [0, 0, 2, 2], "texture": "#0"},
				"south": {"uv": [0, 0, 2, 2], "texture": "#0"},
				"west": {"uv": [0, 0, 2, 2], "texture": "#0"},
				"up": {"uv": [0, 0, 2, 2], "texture": "#0"},
				"down": {"uv": [0, 0, 2, 2], "texture": "#0"}
			}
		},
		{
			"from": [7, 3.19914, 13.82461],
			"to": [9, 5.19914, 26.82461],
			"rotation": {"angle": 0, "axis": "x", "origin": [8, 4.19914, 18.32461]},
			"faces": {
				"north": {"uv": [0, 0, 2, 2], "texture": "#0"},
				"east": {"uv": [0, 0, 13, 2], "texture": "#0"},
				"south": {"uv": [0, 0, 2, 2], "texture": "#0"},
				"west": {"uv": [0, 0, 13, 2], "texture": "#0"},
				"up": {"uv": [0, 0, 2, 13], "texture": "#0"},
				"down": {"uv": [0, 0, 2, 13], "texture": "#0"}
			}
		},
		{
			"from": [7.01, 1.34914, 16.12461],
			"to": [9.01, 3.34914, 26.82461],
			"rotation": {"angle": 0, "axis": "y", "origin": [8, 2.34914, 25.32461]},
			"faces": {
				"north": {"uv": [0, 0, 2, 2], "texture": "#0"},
				"east": {"uv": [0, 0, 10.7, 2], "texture": "#0"},
				"south": {"uv": [0, 0, 2, 2], "texture": "#0"},
				"west": {"uv": [0, 0, 10.7, 2], "texture": "#0"},
				"up": {"uv": [0, 0, 2, 10.7], "texture": "#0"},
				"down": {"uv": [0, 0, 2, 10.7], "texture": "#0"}
			}
		},
		{
			"from": [7.01, 4, 12],
			"to": [9.01, 6, 16],
			"rotation": {"angle": 45, "axis": "x", "origin": [8, 5, 13]},
			"faces": {
				"north": {"uv": [0, 0, 2, 2], "texture": "#0"},
				"east": {"uv": [0, 0, 4, 2], "texture": "#0"},
				"south": {"uv": [0, 0, 2, 2], "texture": "#0"},
				"west": {"uv": [0, 0, 4, 2], "texture": "#0"},
				"up": {"uv": [0, 0, 2, 4], "texture": "#0"},
				"down": {"uv": [0, 0, 2, 4], "texture": "#0"}
			}
		},
		{
			"from": [7, 4.4, 0],
			"to": [9, 6.4, 13],
			"rotation": {"angle": 0, "axis": "y", "origin": [7, 4.4, 11]},
			"faces": {
				"north": {"uv": [0, 0, 2, 2], "texture": "#0"},
				"east": {"uv": [0, 0, 13, 2], "texture": "#0"},
				"south": {"uv": [0, 0, 2, 2], "texture": "#0"},
				"west": {"uv": [13, 0, 0, 2], "texture": "#0"},
				"up": {"uv": [0, 13, 2, 0], "texture": "#0"},
				"down": {"uv": [0, 0, 2, 13], "texture": "#0"}
			}
		},
		{
			"name": "octagon",
			"from": [7.68934, 5.35, -5],
			"to": [8.31066, 6.85, -4],
			"rotation": {"angle": 45, "axis": "z", "origin": [8, 6.1, -4]},
			"faces": {
				"north": {"uv": [15, 15, 16, 16], "texture": "#0"},
				"east": {"uv": [15, 15, 16, 16], "texture": "#0"},
				"south": {"uv": [15, 15, 16, 16], "texture": "#0"},
				"west": {"uv": [15, 15, 16, 16], "texture": "#0"},
				"up": {"uv": [15, 11, 16, 12], "texture": "#0"},
				"down": {"uv": [9, 15, 10, 16], "texture": "#0"}
			}
		},
		{
			"name": "octagon",
			"from": [7.68934, 5.35, -5],
			"to": [8.31066, 6.85, -4],
			"rotation": {"angle": 0, "axis": "y", "origin": [8, 6.1, -4]},
			"faces": {
				"north": {"uv": [15, 15, 16, 16], "texture": "#0"},
				"east": {"uv": [15, 15, 16, 16], "texture": "#0"},
				"south": {"uv": [15, 15, 16, 16], "texture": "#0"},
				"west": {"uv": [15, 15, 16, 16], "texture": "#0"},
				"up": {"uv": [13, 15, 14, 16], "texture": "#0"},
				"down": {"uv": [15, 15, 16, 16], "texture": "#0"}
			}
		},
		{
			"name": "octagon",
			"from": [7.25, 5.78934, -5],
			"to": [8.75, 6.41066, -4],
			"rotation": {"angle": 45, "axis": "z", "origin": [8, 6.1, -4]},
			"faces": {
				"north": {"uv": [15, 15, 16, 16], "texture": "#0"},
				"east": {"uv": [14, 11, 15, 12], "texture": "#0"},
				"south": {"uv": [15, 15, 16, 16], "texture": "#0"},
				"west": {"uv": [13, 14, 14, 15], "texture": "#0"},
				"up": {"uv": [15, 15, 16, 16], "texture": "#0"},
				"down": {"uv": [15, 15, 16, 16], "texture": "#0"}
			}
		},
		{
			"name": "octagon",
			"from": [7.25, 5.78934, -5],
			"to": [8.75, 6.41066, -4],
			"rotation": {"angle": 0, "axis": "y", "origin": [8, 6.1, -4]},
			"faces": {
				"north": {"uv": [15, 15, 16, 16], "texture": "#0"},
				"east": {"uv": [15, 12, 16, 13], "texture": "#0"},
				"south": {"uv": [15, 15, 16, 16], "texture": "#0"},
				"west": {"uv": [13, 15, 14, 16], "texture": "#0"},
				"up": {"uv": [15, 15, 16, 16], "texture": "#0"},
				"down": {"uv": [15, 15, 16, 16], "texture": "#0"}
			}
		},
		{
			"name": "octagon",
			"from": [7.68934, 5.35, -15],
			"to": [8.31066, 5.85, -5],
			"rotation": {"angle": 45, "axis": "z", "origin": [8, 6.1, -16]},
			"faces": {
				"north": {"uv": [4, 15, 5, 16], "texture": "#0"},
				"east": {"uv": [15, 15, 16, 16], "texture": "#0"},
				"south": {"uv": [15, 15, 16, 16], "texture": "#0"},
				"west": {"uv": [15, 15, 16, 16], "texture": "#0"},
				"up": {"uv": [15, 15, 16, 16], "texture": "#0"},
				"down": {"uv": [14, 6, 15, 16], "texture": "#0"}
			}
		},
		{
			"name": "octagon",
			"from": [7.68934, 5.35, -15],
			"to": [8.31066, 5.85, -5],
			"rotation": {"angle": 0, "axis": "y", "origin": [8, 6.1, -16]},
			"faces": {
				"north": {"uv": [5, 14, 6, 15], "texture": "#0"},
				"east": {"uv": [15, 15, 16, 16], "texture": "#0"},
				"south": {"uv": [15, 15, 16, 16], "texture": "#0"},
				"west": {"uv": [15, 15, 16, 16], "texture": "#0"},
				"up": {"uv": [15, 15, 16, 16], "texture": "#0"},
				"down": {"uv": [14, 5, 15, 15], "texture": "#0"}
			}
		},
		{
			"name": "octagon",
			"from": [7.68934, 6.35, -15],
			"to": [8.31066, 6.85, -5],
			"rotation": {"angle": 45, "axis": "z", "origin": [8, 6.1, -16]},
			"faces": {
				"north": {"uv": [14, 5, 15, 6], "texture": "#0"},
				"east": {"uv": [0, 0, 1, 1], "texture": "#0"},
				"south": {"uv": [15, 15, 16, 16], "texture": "#0"},
				"west": {"uv": [0, 0, 1, 1], "texture": "#0"},
				"up": {"uv": [15, 5, 16, 15], "texture": "#0"},
				"down": {"uv": [15, 15, 16, 16], "texture": "#0"}
			}
		},
		{
			"name": "octagon",
			"from": [7.68934, 6.35, -15],
			"to": [8.31066, 6.85, -5],
			"rotation": {"angle": 0, "axis": "y", "origin": [8, 6.1, -16]},
			"faces": {
				"north": {"uv": [15, 6, 16, 7], "texture": "#0"},
				"east": {"uv": [15, 15, 16, 16], "texture": "#0"},
				"south": {"uv": [15, 15, 16, 16], "texture": "#0"},
				"west": {"uv": [15, 15, 16, 16], "texture": "#0"},
				"up": {"uv": [14, 6, 15, 16], "texture": "#0"},
				"down": {"uv": [15, 15, 16, 16], "texture": "#0"}
			}
		},
		{
			"name": "octagon",
			"from": [7.25, 5.78934, -15],
			"to": [7.75, 6.41066, -5],
			"rotation": {"angle": 45, "axis": "z", "origin": [8, 6.1, -16]},
			"faces": {
				"north": {"uv": [14, 5, 15, 6], "texture": "#0"},
				"east": {"uv": [15, 15, 16, 16], "texture": "#0"},
				"south": {"uv": [15, 15, 16, 16], "texture": "#0"},
				"west": {"uv": [4, 15, 14, 16], "texture": "#0"},
				"up": {"uv": [15, 15, 16, 16], "texture": "#0"},
				"down": {"uv": [15, 15, 16, 16], "texture": "#0"}
			}
		},
		{
			"name": "octagon",
			"from": [7.25, 5.78934, -15],
			"to": [7.75, 6.41066, -5],
			"rotation": {"angle": 0, "axis": "y", "origin": [8, 6.1, -16]},
			"faces": {
				"north": {"uv": [6, 15, 7, 16], "texture": "#0"},
				"east": {"uv": [15, 15, 16, 16], "texture": "#0"},
				"south": {"uv": [15, 15, 16, 16], "texture": "#0"},
				"west": {"uv": [5, 14, 15, 15], "texture": "#0"},
				"up": {"uv": [15, 15, 16, 16], "texture": "#0"},
				"down": {"uv": [15, 15, 16, 16], "texture": "#0"}
			}
		},
		{
			"name": "octagon",
			"from": [8.25, 5.78934, -15],
			"to": [8.75, 6.41066, -5],
			"rotation": {"angle": 45, "axis": "z", "origin": [8, 6.1, -16]},
			"faces": {
				"north": {"uv": [6, 15, 7, 16], "texture": "#0"},
				"east": {"uv": [6, 14, 16, 15], "texture": "#0"},
				"south": {"uv": [15, 15, 16, 16], "texture": "#0"},
				"west": {"uv": [15, 15, 16, 16], "texture": "#0"},
				"up": {"uv": [15, 15, 16, 16], "texture": "#0"},
				"down": {"uv": [15, 15, 16, 16], "texture": "#0"}
			}
		},
		{
			"name": "octagon",
			"from": [8.25, 5.78934, -15],
			"to": [8.75, 6.41066, -5],
			"rotation": {"angle": 0, "axis": "y", "origin": [8, 6.1, -16]},
			"faces": {
				"north": {"uv": [5, 14, 6, 15], "texture": "#0"},
				"east": {"uv": [4, 15, 14, 16], "texture": "#0"},
				"south": {"uv": [15, 15, 16, 16], "texture": "#0"},
				"west": {"uv": [15, 15, 16, 16], "texture": "#0"},
				"up": {"uv": [15, 15, 16, 16], "texture": "#0"},
				"down": {"uv": [15, 15, 16, 16], "texture": "#0"}
			}
		},
		{
			"name": "octagon",
			"from": [7.68934, 5.35, -4],
			"to": [8.31066, 5.85, 6],
			"rotation": {"angle": 45, "axis": "z", "origin": [8, 6.1, -5]},
			"faces": {
				"north": {"uv": [4, 15, 5, 16], "texture": "#0"},
				"east": {"uv": [15, 15, 16, 16], "texture": "#0"},
				"south": {"uv": [15, 15, 16, 16], "texture": "#0"},
				"west": {"uv": [15, 15, 16, 16], "texture": "#0"},
				"up": {"uv": [15, 15, 16, 16], "texture": "#0"},
				"down": {"uv": [14, 6, 15, 16], "texture": "#0"}
			}
		},
		{
			"name": "octagon",
			"from": [7.68934, 5.35, -4],
			"to": [8.31066, 5.85, 6],
			"rotation": {"angle": 0, "axis": "y", "origin": [8, 6.1, -5]},
			"faces": {
				"north": {"uv": [5, 14, 6, 15], "texture": "#0"},
				"east": {"uv": [15, 15, 16, 16], "texture": "#0"},
				"south": {"uv": [15, 15, 16, 16], "texture": "#0"},
				"west": {"uv": [15, 15, 16, 16], "texture": "#0"},
				"up": {"uv": [15, 15, 16, 16], "texture": "#0"},
				"down": {"uv": [14, 5, 15, 15], "texture": "#0"}
			}
		},
		{
			"name": "octagon",
			"from": [7.68934, 6.35, -4],
			"to": [8.31066, 6.85, 6],
			"rotation": {"angle": 45, "axis": "z", "origin": [8, 6.1, -5]},
			"faces": {
				"north": {"uv": [14, 5, 15, 6], "texture": "#0"},
				"east": {"uv": [0, 0, 1, 1], "texture": "#0"},
				"south": {"uv": [15, 15, 16, 16], "texture": "#0"},
				"west": {"uv": [0, 0, 1, 1], "texture": "#0"},
				"up": {"uv": [15, 5, 16, 15], "texture": "#0"},
				"down": {"uv": [15, 15, 16, 16], "texture": "#0"}
			}
		},
		{
			"name": "octagon",
			"from": [7.68934, 6.35, -4],
			"to": [8.31066, 6.85, 6],
			"rotation": {"angle": 0, "axis": "y", "origin": [8, 6.1, -5]},
			"faces": {
				"north": {"uv": [15, 6, 16, 7], "texture": "#0"},
				"east": {"uv": [15, 15, 16, 16], "texture": "#0"},
				"south": {"uv": [15, 15, 16, 16], "texture": "#0"},
				"west": {"uv": [15, 15, 16, 16], "texture": "#0"},
				"up": {"uv": [14, 6, 15, 16], "texture": "#0"},
				"down": {"uv": [15, 15, 16, 16], "texture": "#0"}
			}
		},
		{
			"name": "octagon",
			"from": [7.25, 5.78934, -4],
			"to": [7.75, 6.41066, 6],
			"rotation": {"angle": 45, "axis": "z", "origin": [8, 6.1, -5]},
			"faces": {
				"north": {"uv": [14, 5, 15, 6], "texture": "#0"},
				"east": {"uv": [15, 15, 16, 16], "texture": "#0"},
				"south": {"uv": [15, 15, 16, 16], "texture": "#0"},
				"west": {"uv": [4, 15, 14, 16], "texture": "#0"},
				"up": {"uv": [15, 15, 16, 16], "texture": "#0"},
				"down": {"uv": [15, 15, 16, 16], "texture": "#0"}
			}
		},
		{
			"name": "octagon",
			"from": [7.25, 5.78934, -4],
			"to": [7.75, 6.41066, 6],
			"rotation": {"angle": 0, "axis": "y", "origin": [8, 6.1, -5]},
			"faces": {
				"north": {"uv": [6, 15, 7, 16], "texture": "#0"},
				"east": {"uv": [15, 15, 16, 16], "texture": "#0"},
				"south": {"uv": [15, 15, 16, 16], "texture": "#0"},
				"west": {"uv": [5, 14, 15, 15], "texture": "#0"},
				"up": {"uv": [15, 15, 16, 16], "texture": "#0"},
				"down": {"uv": [15, 15, 16, 16], "texture": "#0"}
			}
		},
		{
			"name": "octagon",
			"from": [8.25, 5.78934, -4],
			"to": [8.75, 6.41066, 6],
			"rotation": {"angle": 45, "axis": "z", "origin": [8, 6.1, -5]},
			"faces": {
				"north": {"uv": [6, 15, 7, 16], "texture": "#0"},
				"east": {"uv": [6, 14, 16, 15], "texture": "#0"},
				"south": {"uv": [15, 15, 16, 16], "texture": "#0"},
				"west": {"uv": [15, 15, 16, 16], "texture": "#0"},
				"up": {"uv": [15, 15, 16, 16], "texture": "#0"},
				"down": {"uv": [15, 15, 16, 16], "texture": "#0"}
			}
		},
		{
			"name": "octagon",
			"from": [8.25, 5.78934, -4],
			"to": [8.75, 6.41066, 6],
			"rotation": {"angle": 0, "axis": "y", "origin": [8, 6.1, -5]},
			"faces": {
				"north": {"uv": [5, 14, 6, 15], "texture": "#0"},
				"east": {"uv": [4, 15, 14, 16], "texture": "#0"},
				"south": {"uv": [15, 15, 16, 16], "texture": "#0"},
				"west": {"uv": [15, 15, 16, 16], "texture": "#0"},
				"up": {"uv": [15, 15, 16, 16], "texture": "#0"},
				"down": {"uv": [15, 15, 16, 16], "texture": "#0"}
			}
		},
		{
			"name": "octagon",
			"from": [7.68934, 5.35, 6],
			"to": [8.31066, 6.85, 7],
			"rotation": {"angle": 45, "axis": "z", "origin": [8, 6.1, 7]},
			"faces": {
				"north": {"uv": [15, 15, 16, 16], "texture": "#0"},
				"east": {"uv": [15, 15, 16, 16], "texture": "#0"},
				"south": {"uv": [15, 15, 16, 16], "texture": "#0"},
				"west": {"uv": [15, 15, 16, 16], "texture": "#0"},
				"up": {"uv": [15, 11, 16, 12], "texture": "#0"},
				"down": {"uv": [15, 15, 16, 16], "texture": "#0"}
			}
		},
		{
			"name": "octagon",
			"from": [7.68934, 5.35, 6],
			"to": [8.31066, 6.85, 7],
			"rotation": {"angle": 0, "axis": "y", "origin": [8, 6.1, 7]},
			"faces": {
				"north": {"uv": [15, 15, 16, 16], "texture": "#0"},
				"east": {"uv": [15, 15, 16, 16], "texture": "#0"},
				"south": {"uv": [15, 15, 16, 16], "texture": "#0"},
				"west": {"uv": [15, 15, 16, 16], "texture": "#0"},
				"up": {"uv": [13, 15, 14, 16], "texture": "#0"},
				"down": {"uv": [15, 15, 16, 16], "texture": "#0"}
			}
		},
		{
			"name": "octagon",
			"from": [7.25, 5.78934, 6],
			"to": [8.75, 6.41066, 7],
			"rotation": {"angle": 45, "axis": "z", "origin": [8, 6.1, 7]},
			"faces": {
				"north": {"uv": [15, 15, 16, 16], "texture": "#0"},
				"east": {"uv": [14, 11, 15, 12], "texture": "#0"},
				"south": {"uv": [15, 15, 16, 16], "texture": "#0"},
				"west": {"uv": [15, 15, 16, 16], "texture": "#0"},
				"up": {"uv": [15, 15, 16, 16], "texture": "#0"},
				"down": {"uv": [15, 15, 16, 16], "texture": "#0"}
			}
		},
		{
			"name": "octagon",
			"from": [7.25, 5.78934, 6],
			"to": [8.75, 6.41066, 7],
			"rotation": {"angle": 0, "axis": "y", "origin": [8, 6.1, 7]},
			"faces": {
				"north": {"uv": [15, 15, 16, 16], "texture": "#0"},
				"east": {"uv": [15, 15, 16, 16], "texture": "#0"},
				"south": {"uv": [15, 15, 16, 16], "texture": "#0"},
				"west": {"uv": [15, 15, 16, 16], "texture": "#0"},
				"up": {"uv": [15, 15, 16, 16], "texture": "#0"},
				"down": {"uv": [15, 15, 16, 16], "texture": "#0"}
			}
		},
		{
			"name": "octagon",
			"from": [7.68934, 5.35, 10.5],
			"to": [8.31066, 6.85, 11.5],
			"rotation": {"angle": 45, "axis": "z", "origin": [8, 6.1, 11.5]},
			"faces": {
				"north": {"uv": [15, 15, 16, 16], "texture": "#0"},
				"east": {"uv": [15, 15, 16, 16], "texture": "#0"},
				"south": {"uv": [15, 15, 16, 16], "texture": "#0"},
				"west": {"uv": [15, 15, 16, 16], "texture": "#0"},
				"up": {"uv": [15, 11, 16, 12], "texture": "#0"},
				"down": {"uv": [15, 15, 16, 16], "texture": "#0"}
			}
		},
		{
			"name": "octagon",
			"from": [7.68934, 5.35, 10.5],
			"to": [8.31066, 6.85, 11.5],
			"rotation": {"angle": 0, "axis": "z", "origin": [8, 6.1, 11.5]},
			"faces": {
				"north": {"uv": [15, 15, 16, 16], "texture": "#0"},
				"east": {"uv": [15, 15, 16, 16], "texture": "#0"},
				"south": {"uv": [15, 15, 16, 16], "texture": "#0"},
				"west": {"uv": [15, 15, 16, 16], "texture": "#0"},
				"up": {"uv": [13, 15, 14, 16], "texture": "#0"},
				"down": {"uv": [15, 15, 16, 16], "texture": "#0"}
			}
		},
		{
			"name": "octagon",
			"from": [7.25, 5.78934, 10.5],
			"to": [8.75, 6.41066, 11.5],
			"rotation": {"angle": 45, "axis": "z", "origin": [8, 6.1, 11.5]},
			"faces": {
				"north": {"uv": [15, 15, 16, 16], "texture": "#0"},
				"east": {"uv": [14, 11, 15, 12], "texture": "#0"},
				"south": {"uv": [15, 15, 16, 16], "texture": "#0"},
				"west": {"uv": [15, 15, 16, 16], "texture": "#0"},
				"up": {"uv": [15, 15, 16, 16], "texture": "#0"},
				"down": {"uv": [15, 15, 16, 16], "texture": "#0"}
			}
		},
		{
			"name": "octagon",
			"from": [7.25, 5.78934, 10.5],
			"to": [8.75, 6.41066, 11.5],
			"rotation": {"angle": 0, "axis": "z", "origin": [8, 6.1, 11.5]},
			"faces": {
				"north": {"uv": [15, 15, 16, 16], "texture": "#0"},
				"east": {"uv": [15, 15, 16, 16], "texture": "#0"},
				"south": {"uv": [15, 15, 16, 16], "texture": "#0"},
				"west": {"uv": [15, 15, 16, 16], "texture": "#0"},
				"up": {"uv": [15, 15, 16, 16], "texture": "#0"},
				"down": {"uv": [15, 15, 16, 16], "texture": "#0"}
			}
		},
		{
			"name": "octagon",
			"from": [7.74112, 5.475, 7],
			"to": [8.25888, 6.725, 10.5],
			"rotation": {"angle": 0, "axis": "z", "origin": [8, 6.1, 8]},
			"faces": {
				"north": {"uv": [11, 4, 12, 5], "texture": "#0"},
				"east": {"uv": [11, 4, 12, 5], "texture": "#0"},
				"south": {"uv": [11, 4, 12, 5], "texture": "#0"},
				"west": {"uv": [11, 4, 12, 5], "texture": "#0"},
				"up": {"uv": [11, 5, 12, 8.5], "texture": "#0"},
				"down": {"uv": [11, 4, 12, 5], "texture": "#0"}
			}
		},
		{
			"name": "octagon",
			"from": [7.375, 5.84112, 7],
			"to": [8.625, 6.35888, 10.5],
			"rotation": {"angle": 45, "axis": "z", "origin": [8, 6.1, 8]},
			"faces": {
				"north": {"uv": [11, 4, 12, 5], "texture": "#0"},
				"east": {"uv": [7.5, 4, 11, 5], "texture": "#0"},
				"south": {"uv": [11, 4, 12, 5], "texture": "#0"},
				"west": {"uv": [11, 4, 12, 5], "texture": "#0"},
				"up": {"uv": [11, 4, 12, 5], "texture": "#0"},
				"down": {"uv": [11, 4, 12, 5], "texture": "#0"}
			}
		},
		{
			"name": "octagon",
			"from": [7.375, 5.84112, 7],
			"to": [8.625, 6.35888, 10.5],
			"rotation": {"angle": 0, "axis": "z", "origin": [8, 6.1, 8]},
			"faces": {
				"north": {"uv": [11, 4, 12, 5], "texture": "#0"},
				"east": {"uv": [11, 4, 12, 5], "texture": "#0"},
				"south": {"uv": [11, 4, 12, 5], "texture": "#0"},
				"west": {"uv": [11, 4, 12, 5], "texture": "#0"},
				"up": {"uv": [11, 4, 12, 5], "texture": "#0"},
				"down": {"uv": [11, 4, 12, 5], "texture": "#0"}
			}
		},
		{
			"name": "octagon",
			"from": [7.74112, 5.475, 7],
			"to": [8.25888, 6.725, 10.5],
			"rotation": {"angle": 45, "axis": "z", "origin": [8, 6.1, 8]},
			"faces": {
				"north": {"uv": [11, 4, 12, 5], "texture": "#0"},
				"east": {"uv": [11, 4, 12, 5], "texture": "#0"},
				"south": {"uv": [11, 4, 12, 5], "texture": "#0"},
				"west": {"uv": [11, 4, 12, 5], "texture": "#0"},
				"up": {"uv": [11, 4, 12, 7.5], "texture": "#0"},
				"down": {"uv": [11, 4, 12, 5], "texture": "#0"}
			}
		},
		{
			"from": [7.9, 6.8, -14.5],
			"to": [8.1, 7.25, -12.7],
			"rotation": {"angle": 0, "axis": "y", "origin": [7, 6.8, -14.5]},
			"faces": {
				"north": {"uv": [15.8, 15.55, 16, 16], "texture": "#0"},
				"east": {"uv": [14.2, 15.55, 16, 16], "texture": "#0"},
				"south": {"uv": [15.8, 15.55, 16, 16], "texture": "#0"},
				"west": {"uv": [14.2, 15.55, 16, 16], "texture": "#0"},
				"up": {"uv": [15.8, 14, 16, 15.8], "texture": "#0"},
				"down": {"uv": [15.8, 14.2, 16, 16], "texture": "#0"}
			}
		},
		{
			"from": [7.6, 2.95, 10.95],
			"to": [8.4, 4.75, 12.65],
			"rotation": {"angle": 0, "axis": "y", "origin": [7, 2.75, 10.75]},
			"faces": {
				"north": {"uv": [11, 14, 11.8, 15.8], "texture": "#0"},
				"east": {"uv": [11, 14, 12.7, 15.8], "texture": "#0"},
				"south": {"uv": [14, 12, 14.8, 13.8], "texture": "#0"},
				"west": {"uv": [14, 12, 15.7, 13.8], "texture": "#0"},
				"up": {"uv": [10, 14, 10.8, 15.7], "texture": "#0"},
				"down": {"uv": [15, 11, 15.8, 12.7], "texture": "#0"}
			}
		},
		{
			"from": [7, 6.4, 10.8],
			"to": [8, 6.8, 11.35],
			"rotation": {"angle": 0, "axis": "y", "origin": [7, 6.4, 9.1]},
			"faces": {
				"north": {"uv": [8, 15, 9, 15.4], "texture": "#0"},
				"east": {"uv": [7, 14, 7.55, 14.4], "texture": "#0"},
				"south": {"uv": [6, 14, 7, 14.4], "texture": "#0"},
				"west": {"uv": [6, 15, 6.55, 15.4], "texture": "#0"},
				"up": {"uv": [8, 14, 9, 14.55], "texture": "#0"},
				"down": {"uv": [7, 15, 8, 15.55], "texture": "#0"}
			}
		},
		{
			"from": [6.55, 6.01, 10.79],
			"to": [7.3, 6.41, 11.34],
			"rotation": {"angle": 45, "axis": "z", "origin": [6.7, 6.25, 10.975]},
			"faces": {
				"north": {"uv": [8, 15, 8.75, 15.4], "texture": "#0"},
				"east": {"uv": [7, 14, 7.55, 14.4], "texture": "#0"},
				"south": {"uv": [4, 14, 4.75, 14.4], "texture": "#0"},
				"west": {"uv": [6, 15, 6.55, 15.4], "texture": "#0"},
				"up": {"uv": [6, 15, 6.75, 15.55], "texture": "#0"},
				"down": {"uv": [5, 15, 5.75, 15.55], "texture": "#0"}
			}
		},
		{
			"from": [5.95, 5.91, 10.7],
			"to": [6.55, 6.51, 11.45],
			"rotation": {"angle": 45, "axis": "z", "origin": [6.7, 6.25, 10.975]},
			"faces": {
				"north": {"uv": [9, 15, 9.6, 15.6], "texture": "#0"},
				"east": {"uv": [7, 14, 7.75, 14.6], "texture": "#0"},
				"south": {"uv": [6, 14, 6.6, 14.6], "texture": "#0"},
				"west": {"uv": [6, 15, 6.75, 15.6], "texture": "#0"},
				"up": {"uv": [7, 14, 7.6, 14.75], "texture": "#0"},
				"down": {"uv": [7, 15, 7.6, 15.75], "texture": "#0"}
			}
		},
		{
			"name": "octagon",
			"from": [7.79467, 5.675, -14.5],
			"to": [8.10533, 6.425, -14.5],
			"rotation": {"angle": 45, "axis": "z", "origin": [7.95, 6.05, -13.5]},
			"faces": {
				"north": {"uv": [12, 5, 13, 6], "texture": "#0"},
				"east": {"uv": [0, 0, 1, 1], "texture": "#0"},
				"south": {"uv": [0, 0, 1, 1], "texture": "#0"},
				"west": {"uv": [0, 0, 1, 1], "texture": "#0"},
				"up": {"uv": [0, 0, 1, 1], "texture": "#0"},
				"down": {"uv": [0, 0, 1, 1], "texture": "#0"}
			}
		},
		{
			"name": "octagon",
			"from": [7.79467, 5.675, -14.5],
			"to": [8.10533, 6.425, -14.5],
			"rotation": {"angle": 0, "axis": "y", "origin": [7.95, 6.05, -13.5]},
			"faces": {
				"north": {"uv": [12, 5, 13, 6], "texture": "#0"},
				"east": {"uv": [0, 0, 1, 1], "texture": "#0"},
				"south": {"uv": [0, 0, 1, 1], "texture": "#0"},
				"west": {"uv": [0, 0, 1, 1], "texture": "#0"},
				"up": {"uv": [0, 0, 1, 1], "texture": "#0"},
				"down": {"uv": [0, 0, 1, 1], "texture": "#0"}
			}
		},
		{
			"name": "octagon",
			"from": [7.575, 5.89467, -14.5],
			"to": [8.325, 6.20533, -14.5],
			"rotation": {"angle": 45, "axis": "z", "origin": [7.95, 6.05, -13.5]},
			"faces": {
				"north": {"uv": [12, 5, 13, 6], "texture": "#0"},
				"east": {"uv": [0, 0, 1, 1], "texture": "#0"},
				"south": {"uv": [0, 0, 1, 1], "texture": "#0"},
				"west": {"uv": [0, 0, 1, 1], "texture": "#0"},
				"up": {"uv": [0, 0, 1, 1], "texture": "#0"},
				"down": {"uv": [0, 0, 1, 1], "texture": "#0"}
			}
		},
		{
			"name": "octagon",
			"from": [7.575, 5.89467, -14.5],
			"to": [8.325, 6.20533, -14.5],
			"rotation": {"angle": 0, "axis": "y", "origin": [7.95, 6.05, -13.5]},
			"faces": {
				"north": {"uv": [12, 5, 13, 6], "texture": "#0"},
				"east": {"uv": [12, 5, 13, 6], "texture": "#0"},
				"south": {"uv": [12, 5, 13, 6], "texture": "#0"},
				"west": {"uv": [12, 5, 13, 6], "texture": "#0"},
				"up": {"uv": [12, 5, 13, 6], "texture": "#0"},
				"down": {"uv": [12, 5, 13, 6], "texture": "#0"}
			}
		}
	],
	"display": {
		"thirdperson_righthand": {
			"translation": [0, 3, -1.75]
		},
		"thirdperson_lefthand": {
			"translation": [0, 3, -1.75]
		},
		"firstperson_righthand": {
			"rotation": [0, -10, 0],
			"translation": [1, 7.5, 1.25]
		},
		"firstperson_lefthand": {
			"rotation": [0, -10, 0],
			"translation": [1, 7.5, 1.25]
		},
		"ground": {
			"rotation": [0, 0, -90],
			"translation": [2, -2.25, 0],
			"scale": [0.85, 0.85, 0.85]
		},
		"gui": {
			"rotation": [20, 125, 0],
			"translation": [-1, 1, 0]
		},
		"head": {
			"translation": [0, -3.75, -11.25],
			"scale": [3, 0.5, 0.75]
		},
		"fixed": {
			"rotation": [0, -90, 0],
			"translation": [0, 2.75, -0.25]
		}
	},
	"groups": [
		0,
		1,
		2,
		3,
		4,
		{
			"name": "octagon",
			"origin": [8, 8, 8],
			"color": 0,
			"children": [5, 6, 7, 8]
		},
		{
			"name": "octagon",
			"origin": [8, 8, 8],
			"color": 0,
			"children": [9, 10, 11, 12, 13, 14, 15, 16]
		},
		{
			"name": "octagon",
			"origin": [8, 8, 8],
			"color": 0,
			"children": [17, 18, 19, 20, 21, 22, 23, 24]
		},
		{
			"name": "octagon",
			"origin": [8, 8, 8],
			"color": 0,
			"children": [25, 26, 27, 28]
		},
		{
			"name": "octagon",
			"origin": [8, 8, 8],
			"color": 0,
			"children": [29, 30, 31, 32]
		},
		{
			"name": "octagon",
			"origin": [8, 8, 8],
			"color": 0,
			"children": [33, 34, 35, 36]
		},
		37,
		38,
		39,
		40,
		41,
		{
			"name": "octagon",
			"origin": [8, 8, 8],
			"color": 0,
			"children": [42, 43, 44, 45]
		}
	]
}