{
	"credit": "Made with Blockbench",
	"textures": {
		"0": "modern_guns:item/glock_17",
		"particle": "modern_guns:item/glock_17"
	},
	"elements": [
		{
			"from": [7.25, 0, 7.75],
			"to": [8.75, 0.75, 9.75],
			"faces": {
				"north": {"uv": [0, 0, 1.5, 0.75], "texture": "#0"},
				"east": {"uv": [0, 0, 2, 0.75], "texture": "#0"},
				"south": {"uv": [0, 0, 1.5, 0.75], "texture": "#0"},
				"west": {"uv": [0, 0, 2, 0.75], "texture": "#0"},
				"up": {"uv": [0, 0, 1.5, 2], "texture": "#0"},
				"down": {"uv": [0, 0, 1.5, 2], "texture": "#0"}
			}
		},
		{
			"from": [7.5, 0.75, 8],
			"to": [8.5, 4, 9.5],
			"faces": {
				"north": {"uv": [0, 0, 1, 3.25], "texture": "#0"},
				"east": {"uv": [0, 0, 1.5, 3.25], "texture": "#0"},
				"south": {"uv": [0, 0, 1, 3.25], "texture": "#0"},
				"west": {"uv": [0, 0, 1.5, 3.25], "texture": "#0"},
				"up": {"uv": [0, 0, 1, 1.5], "texture": "#0"},
				"down": {"uv": [0, 0, 1, 1.5], "texture": "#0"}
			}
		},
		{
			"from": [7.65, 4, 8.1],
			"to": [8.35, 4, 9.4],
			"faces": {
				"north": {"uv": [0, 0, 0.7, 0], "texture": "#0"},
				"east": {"uv": [0, 0, 1.3, 0], "texture": "#0"},
				"south": {"uv": [0, 0, 0.7, 0], "texture": "#0"},
				"west": {"uv": [0, 0, 1.3, 0], "texture": "#0"},
				"up": {"uv": [9, 0, 9.7, 0.3], "texture": "#0"},
				"down": {"uv": [0, 0, 0.7, 1.3], "texture": "#0"}
			}
		}
	],
	"display": {
		"thirdperson_righthand": {
			"translation": [0, 5.75, -0.5]
		},
		"thirdperson_lefthand": {
			"translation": [0, 5.75, -0.5]
		},
		"firstperson_righthand": {
			"rotation": [0, 45, 0],
			"translation": [0, 9.25, 2.75]
		},
		"firstperson_lefthand": {
			"rotation": [0, 45, 0],
			"translation": [0, 9.25, 2.75]
		},
		"ground": {
			"translation": [0, 4.5, -1]
		},
		"gui": {
			"rotation": [21, 128, 0],
			"translation": [-1.25, 10.5, 0],
			"scale": [2.1, 2.1, 2.1]
		},
		"head": {
			"translation": [0, 12.75, -3.75]
		},
		"fixed": {
			"rotation": [0, -90, 0],
			"translation": [0.75, 7.5, 0.75],
			"scale": [1.25, 1.25, 1.25]
		}
	}
}